<?xml version="1.0" encoding="utf-8"?>
<AxTable xmlns:i="http://www.w3.org/2001/XMLSchema-instance">
	<Name>SalesOrderHeaderTmp</Name>
	<SourceCode>
		<Declaration><![CDATA[
public class SalesOrderHeaderTmp extends common
{
}
]]></Declaration>
		<Methods />
	</SourceCode>
	<SubscriberAccessLevel>
		<Read>Allow</Read>
	</SubscriberAccessLevel>
	<TableType>TempDB</TableType>
	<DeleteActions />
	<FieldGroups>
		<AxTableFieldGroup>
			<Name>AutoReport</Name>
			<Fields />
		</AxTableFieldGroup>
		<AxTableFieldGroup>
			<Name>AutoLookup</Name>
			<Fields />
		</AxTableFieldGroup>
		<AxTableFieldGroup>
			<Name>AutoIdentification</Name>
			<AutoPopulate>Yes</AutoPopulate>
			<Fields />
		</AxTableFieldGroup>
		<AxTableFieldGroup>
			<Name>AutoSummary</Name>
			<Fields />
		</AxTableFieldGroup>
		<AxTableFieldGroup>
			<Name>AutoBrowse</Name>
			<Fields />
		</AxTableFieldGroup>
	</FieldGroups>
	<Fields>
		<AxTableField xmlns=""
			i:type="AxTableFieldString">
			<Name>PostingProfile</Name>
			<AssetClassification>Customer Content</AssetClassification>
			<ExtendedDataType>CustPostingProfile</ExtendedDataType>
			<IgnoreEDTRelation>Yes</IgnoreEDTRelation>
		</AxTableField>
		<AxTableField xmlns=""
			i:type="AxTableFieldString">
			<Name>SalesGroup</Name>
			<AssetClassification>Customer Content</AssetClassification>
			<ExtendedDataType>CommissSalesGroup</ExtendedDataType>
			<IgnoreEDTRelation>Yes</IgnoreEDTRelation>
		</AxTableField>
		<AxTableField xmlns=""
			i:type="AxTableFieldString">
			<Name>TaxGroup</Name>
			<AssetClassification>Customer Content</AssetClassification>
			<ExtendedDataType>TaxGroup</ExtendedDataType>
			<IgnoreEDTRelation>Yes</IgnoreEDTRelation>
		</AxTableField>
		<AxTableField xmlns=""
			i:type="AxTableFieldString">
			<Name>VATNum</Name>
			<AssetClassification>Customer Content</AssetClassification>
			<ExtendedDataType>VATNumJournal</ExtendedDataType>
		</AxTableField>
		<AxTableField xmlns=""
			i:type="AxTableFieldEnum">
			<Name>SalesType</Name>
			<AssetClassification>Customer Content</AssetClassification>
			<EnumType>SalesType</EnumType>
		</AxTableField>
		<AxTableField xmlns=""
			i:type="AxTableFieldString">
			<Name>InvoiceAccount</Name>
			<AssetClassification>Customer Content</AssetClassification>
			<ExtendedDataType>CustInvoiceAccount</ExtendedDataType>
			<Mandatory>Yes</Mandatory>
		</AxTableField>
		<AxTableField xmlns=""
			i:type="AxTableFieldString">
			<Name>CustAccount</Name>
			<AssetClassification>Customer Content</AssetClassification>
			<ExtendedDataType>CustAccount</ExtendedDataType>
			<Mandatory>Yes</Mandatory>
		</AxTableField>
		<AxTableField xmlns=""
			i:type="AxTableFieldEnum">
			<Name>SalesStatus</Name>
			<AllowEdit>No</AllowEdit>
			<AllowEditOnCreate>No</AllowEditOnCreate>
			<AssetClassification>Customer Content</AssetClassification>
			<EnumType>SalesStatus</EnumType>
		</AxTableField>
		<AxTableField xmlns=""
			i:type="AxTableFieldString">
			<Name>CurrencyCode</Name>
			<AssetClassification>Customer Content</AssetClassification>
			<ExtendedDataType>CustCurrencyCode</ExtendedDataType>
			<IgnoreEDTRelation>Yes</IgnoreEDTRelation>
			<Mandatory>Yes</Mandatory>
		</AxTableField>
		<AxTableField xmlns=""
			i:type="AxTableFieldString">
			<Name>Payment</Name>
			<AssetClassification>Customer Content</AssetClassification>
			<ExtendedDataType>CustPaymTermId</ExtendedDataType>
			<IgnoreEDTRelation>Yes</IgnoreEDTRelation>
			<Label>@SYS828</Label>
		</AxTableField>
		<AxTableField xmlns=""
			i:type="AxTableFieldString">
			<Name>PaymMode</Name>
			<AssetClassification>Customer Content</AssetClassification>
			<ExtendedDataType>CustPaymMode</ExtendedDataType>
			<IgnoreEDTRelation>Yes</IgnoreEDTRelation>
		</AxTableField>
		<AxTableField xmlns=""
			i:type="AxTableFieldString">
			<Name>CashDisc</Name>
			<AssetClassification>Customer Content</AssetClassification>
			<ExtendedDataType>CustCashDiscCode</ExtendedDataType>
			<IgnoreEDTRelation>Yes</IgnoreEDTRelation>
		</AxTableField>
		<AxTableField xmlns=""
			i:type="AxTableFieldReal">
			<Name>DiscPercent</Name>
			<AssetClassification>Customer Content</AssetClassification>
			<ExtendedDataType>SalesEndDiscPct</ExtendedDataType>
		</AxTableField>
		<AxTableField xmlns=""
			i:type="AxTableFieldDate">
			<Name>ShippingDateRequested</Name>
			<AssetClassification>Customer Content</AssetClassification>
			<ExtendedDataType>SalesShippingDateRequested</ExtendedDataType>
			<Mandatory>Yes</Mandatory>
		</AxTableField>
		<AxTableField xmlns=""
			i:type="AxTableFieldString">
			<Name>DlvMode</Name>
			<AssetClassification>Customer Content</AssetClassification>
			<ExtendedDataType>CustDlvModeId</ExtendedDataType>
			<IgnoreEDTRelation>Yes</IgnoreEDTRelation>
		</AxTableField>
		<AxTableField xmlns=""
			i:type="AxTableFieldString">
			<Name>DlvTerm</Name>
			<AssetClassification>Customer Content</AssetClassification>
			<ExtendedDataType>CustDlvTermId</ExtendedDataType>
			<IgnoreEDTRelation>Yes</IgnoreEDTRelation>
		</AxTableField>
		<AxTableField xmlns=""
			i:type="AxTableFieldString">
			<Name>SalesId</Name>
			<ExtendedDataType>SalesId</ExtendedDataType>
			<IgnoreEDTRelation>Yes</IgnoreEDTRelation>
		</AxTableField>
	</Fields>
	<FullTextIndexes />
	<Indexes />
	<Mappings />
	<Relations />
	<StateMachines />
</AxTable>