<?xml version="1.0" encoding="utf-8"?>
<AxTable xmlns:i="http://www.w3.org/2001/XMLSchema-instance">
	<Name>SalesOrderLinesTmp</Name>
	<SourceCode>
		<Declaration><![CDATA[
public class SalesOrderLinesTmp extends common
{
}
]]></Declaration>
		<Methods />
	</SourceCode>
	<SubscriberAccessLevel>
		<Read>Allow</Read>
	</SubscriberAccessLevel>
	<TableType>TempDB</TableType>
	<DeleteActions />
	<FieldGroups>
		<AxTableFieldGroup>
			<Name>AutoReport</Name>
			<Fields />
		</AxTableFieldGroup>
		<AxTableFieldGroup>
			<Name>AutoLookup</Name>
			<Fields />
		</AxTableFieldGroup>
		<AxTableFieldGroup>
			<Name>AutoIdentification</Name>
			<AutoPopulate>Yes</AutoPopulate>
			<Fields />
		</AxTableFieldGroup>
		<AxTableFieldGroup>
			<Name>AutoSummary</Name>
			<Fields />
		</AxTableFieldGroup>
		<AxTableFieldGroup>
			<Name>AutoBrowse</Name>
			<Fields />
		</AxTableFieldGroup>
	</FieldGroups>
	<Fields>
		<AxTableField xmlns=""
			i:type="AxTableFieldString">
			<Name>Name</Name>
			<AssetClassification>Customer Content</AssetClassification>
			<ExtendedDataType>ItemFreeTxt</ExtendedDataType>
			<Label>Product Name</Label>
		</AxTableField>
		<AxTableField xmlns=""
			i:type="AxTableFieldString">
			<Name>ItemId</Name>
			<AssetClassification>Customer Content</AssetClassification>
			<ExtendedDataType>ItemIdSmall</ExtendedDataType>
			<IgnoreEDTRelation>Yes</IgnoreEDTRelation>
			<Label>Item Number</Label>
		</AxTableField>
		<AxTableField xmlns=""
			i:type="AxTableFieldInt64">
			<Name>SalesCategory</Name>
			<AssetClassification>Customer Content</AssetClassification>
			<ExtendedDataType>SalesCategory</ExtendedDataType>
			<Label>Sales Category</Label>
		</AxTableField>
		<AxTableField xmlns=""
			i:type="AxTableFieldReal">
			<Name>SalesQty</Name>
			<AssetClassification>Customer Content</AssetClassification>
			<ExtendedDataType>SalesOrderedQty</ExtendedDataType>
		</AxTableField>
		<AxTableField xmlns=""
			i:type="AxTableFieldString">
			<Name>SalesUnit</Name>
			<AssetClassification>Customer Content</AssetClassification>
			<ExtendedDataType>SalesUnit</ExtendedDataType>
		</AxTableField>
		<AxTableField xmlns=""
			i:type="AxTableFieldEnum">
			<Name>DeliveryType</Name>
			<AssetClassification>Customer Content</AssetClassification>
			<ExtendedDataType>TradeLineDlvTypeId</ExtendedDataType>
			<EnumType>TradeLineDlvType</EnumType>
		</AxTableField>
		<AxTableField xmlns=""
			i:type="AxTableFieldString">
			<Name>InventLocationId</Name>
			<ExtendedDataType>InventLocationId</ExtendedDataType>
			<IgnoreEDTRelation>Yes</IgnoreEDTRelation>
		</AxTableField>
		<AxTableField xmlns=""
			i:type="AxTableFieldReal">
			<Name>SalesPrice</Name>
			<ExtendedDataType>SalesPrice</ExtendedDataType>
			<IgnoreEDTRelation>Yes</IgnoreEDTRelation>
		</AxTableField>
		<AxTableField xmlns=""
			i:type="AxTableFieldReal">
			<Name>LineAmount</Name>
			<AssetClassification>Customer Content</AssetClassification>
			<ExtendedDataType>SalesLineAmount</ExtendedDataType>
			<RelationContext>Currency</RelationContext>
		</AxTableField>
		<AxTableField xmlns=""
			i:type="AxTableFieldReal">
			<Name>LineDisc</Name>
			<AssetClassification>Customer Content</AssetClassification>
			<ExtendedDataType>SalesLineDisc</ExtendedDataType>
		</AxTableField>
		<AxTableField xmlns=""
			i:type="AxTableFieldReal">
			<Name>LinePercent</Name>
			<AssetClassification>Customer Content</AssetClassification>
			<ExtendedDataType>SalesLinePercent</ExtendedDataType>
		</AxTableField>
		<AxTableField xmlns=""
			i:type="AxTableFieldEnum">
			<Name>LineType</Name>
			<AssetClassification>Customer Content</AssetClassification>
			<EnumType>MCRLineType</EnumType>
		</AxTableField>
		<AxTableField xmlns=""
			i:type="AxTableFieldEnum">
			<Name>SalesStatus</Name>
			<AllowEdit>No</AllowEdit>
			<AllowEditOnCreate>No</AllowEditOnCreate>
			<AssetClassification>Customer Content</AssetClassification>
			<Label>@SYS7161</Label>
			<EnumType>SalesStatus</EnumType>
		</AxTableField>
		<AxTableField xmlns=""
			i:type="AxTableFieldString">
			<Name>InventSiteId</Name>
			<ExtendedDataType>InventSiteId</ExtendedDataType>
			<IgnoreEDTRelation>Yes</IgnoreEDTRelation>
		</AxTableField>
		<AxTableField xmlns=""
			i:type="AxTableFieldString">
			<Name>SalesId</Name>
			<AllowEdit>No</AllowEdit>
			<AssetClassification>Customer Content</AssetClassification>
			<ExtendedDataType>SalesIdBase</ExtendedDataType>
			<Mandatory>Yes</Mandatory>
		</AxTableField>
	</Fields>
	<FullTextIndexes />
	<Indexes />
	<Mappings />
	<Relations />
	<StateMachines />
</AxTable>