<?xml version="1.0" encoding="utf-8"?>
<AxClass xmlns:i="http://www.w3.org/2001/XMLSchema-instance">
	<Name>GetAddress</Name>
	<SourceCode>
		<Declaration><![CDATA[
internal final class GetAddress
{
}
]]></Declaration>
		<Methods>
			<Method>
				<Name>main</Name>
				<Source><![CDATA[
    /// <summary>
    /// Class entry point. The system will call this method when a designated menu 
    /// is selected or when execution starts and this class is set as the startup class.
    /// </summary>
    /// <param name = "_args">The specified arguments.</param>
    public static void main(Args _args)
    {
        CompanyInfo companyInfo;
 
        while select companyInfo
        {
            info(strFmt("Company name: %1, Address: %2", companyInfo.Name, companyInfo.postalAddress().Address));
        }
    }

]]></Source>
			</Method>
		</Methods>
	</SourceCode>
</AxClass>