<?xml version="1.0" encoding="utf-8"?>
<AxClass xmlns:i="http://www.w3.org/2001/XMLSchema-instance">
	<Name>SysBatchContract</Name>
	<SourceCode>
		<Declaration><![CDATA[
[DataContractAttribute]
class SysBatchContract implements SysOperationValidatable
{
    
    ACCOUNTNUM            ACCOUNTNUM;

}
]]></Declaration>
		<Methods>
			<Method>
				<Name>parmAccountNum</Name>
				<Source><![CDATA[
    [DataMemberAttribute('Vendor Account'),
    AifCollectionTypeAttribute('Vendor Account', Types::String),
    SysOperationLabelAttribute(literalStr("Vendor Account")),
    SysOperationHelpText(literalStr("Reterive Vendor AccountNum From Vendor Table"))]

    public ACCOUNTNUM parmAccountNum(ACCOUNTNUM _AccountNum = AccountNum)
    {
        AccountNum =_AccountNum;
        return AccountNum;
    }

]]></Source>
			</Method>
			<Method>
				<Name>validate</Name>
				<Source><![CDATA[
    public boolean validate()
    {
        boolean isValid = true;
        if (!ACCOUNTNUM)
        {
            isValid = checkFailed("Account Number is required.");
        }
        return isValid;
    }

]]></Source>
			</Method>
		</Methods>
	</SourceCode>
</AxClass>