<?xml version="1.0" encoding="utf-8"?>
<AxClass xmlns:i="http://www.w3.org/2001/XMLSchema-instance">
	<Name>SysOperationBatchService</Name>
	<SourceCode>
		<Declaration><![CDATA[
public class SysOperationBatchService extends SysOperationServiceBase
{
}
]]></Declaration>
		<Methods>
			<Method>
				<Name>Process</Name>
				<Source><![CDATA[
    /// <summary>
    ///
    /// </summary>
    /// <param name = "_contract"></param>
    public void Process(SysBatchContract  _contract)
    {

        PurchTable              purchTable;
        PurchLine               purchLine;
        PurchReqTable           purchReqTable;
        PurchReqLine            PurchReqLine;
        NumberSeq               numberSeq;
        VendTable               VendTable;
        AccountNum              _AccountNum;
        PurchReqId              _purchReqId;
        RecId                   _recID;
       
        _AccountNum = _contract.parmAccountNum();

        while select forupdate * from purchReqTable
            where purchReqTable.RequisitionStatus == PurchReqRequisitionStatus::Approved
        {

            _recID = purchReqTable.RecId;

            ttsbegin;
            numberSeq = NumberSeq::newGetNum(PurchParameters::numRefPurchId());
            numberSeq.used();
            purchTable.PurchId = numberSeq.num();

            purchTable.initValue();
            purchTable.initFromVendTable(VendTable::find(_AccountNum));
            Info(purchTable.PurchId);

            if (!purchTable.validateWrite())
            {
                throw Exception::Error;
            }
            purchTable.insert();
            ttscommit;

            //Insert Value In Purchase Line
            purchLine.initValue();

            while select * from PurchReqLine
                where PurchReqLine.PurchReqTable == _recID
            {
                ttsbegin;
                purchLine.clear();
                purchLine.PurchId           =   purchTable.PurchId;
                purchLine.PurchPrice        =   PurchReqLine.PurchPrice;
                purchLine.ItemId            =   PurchReqLine.ItemId;
                purchLine.Name              =   PurchReqLine.Name;
                PurchLine.PurchQty          =   PurchReqLine.PurchQty;
                purchLine.LineAmount        =   PurchReqLine.LineAmount;
                purchLine.VendAccount       =   _AccountNum;
                
                purchLine.createLine(false, true, true, true, true, true);
                ttsCommit;
            }
           
            ttsbegin;
            purchReqTable.RequisitionStatus = PurchReqRequisitionStatus::Closed;
            purchReqTable.update();
            ttscommit;
        }
    }

]]></Source>
			</Method>
		</Methods>
	</SourceCode>
</AxClass>