<?xml version="1.0" encoding="utf-8"?>
<AxClass xmlns:i="http://www.w3.org/2001/XMLSchema-instance">
	<Name>SysOperationBatchController</Name>
	<SourceCode>
		<Declaration><![CDATA[
class SysOperationBatchController extends SysOperationServiceController
{
}
]]></Declaration>
		<Methods>
			<Method>
				<Name>new</Name>
				<Source><![CDATA[
    protected void new()
    {
        super(classStr(SysOperationBatchService),
            methodStr(SysOperationBatchService, Process),
            SysOperationExecutionMode::Synchronous);
    }

]]></Source>
			</Method>
			<Method>
				<Name>defaultCaption</Name>
				<Source><![CDATA[
    public ClassDescription defaultCaption()
    {
        return "Process Job";
    }

]]></Source>
			</Method>
			<Method>
				<Name>construct</Name>
				<Source><![CDATA[
    public static SysOperationBatchController construct(SysOperationExecutionMode _executionMode = SysOperationExecutionMode::Synchronous)
    {
        SysOperationBatchController controller;
        controller = new SysOperationBatchController();
        controller.parmExecutionMode(_executionMode);
        return controller;
    }

]]></Source>
			</Method>
			<Method>
				<Name>main</Name>
				<Source><![CDATA[
    public static void main(Args _args)
    {
        SysOperationBatchController controller;
        controller = SysOperationBatchController::construct();
        controller.parmArgs(_args);
        controller.startOperation();
    }

]]></Source>
			</Method>
		</Methods>
	</SourceCode>
</AxClass>