<?xml version="1.0" encoding="utf-8"?>
<z:anyType xmlns:i="http://www.w3.org/2001/XMLSchema-instance" xmlns=""
	i:type="AxCompilerMetadata" xmlns:z="http://schemas.microsoft.com/2003/10/Serialization/">
	<IsPublic>true</IsPublic>
	<Attributes>
		<AxAttribute>
			<Name>DataContractAttribute</Name>
			<Parameters />
		</AxAttribute>
	</Attributes>
	<Implements xmlns:d2p1="http://schemas.microsoft.com/2003/10/Serialization/Arrays">
		<d2p1:string>SysOperationValidatable</d2p1:string>
	</Implements>
	<Members>
		<AxClassMemberVariable>
			<Type>ExtendedDataType</Type>
			<TypeName>ACCOUNTNUM</TypeName>
			<Name>ACCOUNTNUM</Name>
			<Attributes />
		</AxClassMemberVariable>
	</Members>
	<Methods>
		<Method>
			<Name>parmAccountNum</Name>
			<Visibility>Public</Visibility>
			<Attributes>
				<AxAttribute>
					<Name>DataMemberAttribute</Name>
					<Parameters>
						<AxAttributeParameter>
							<TypeValue>'Vendor Account'</TypeValue>
							<AdditionalData />
						</AxAttributeParameter>
					</Parameters>
				</AxAttribute>
				<AxAttribute>
					<Name>AifCollectionTypeAttribute</Name>
					<Parameters>
						<AxAttributeParameter>
							<TypeValue>'Vendor Account'</TypeValue>
							<AdditionalData />
						</AxAttributeParameter>
						<AxAttributeParameter>
							<Type>Enum</Type>
							<TypeValue>Types</TypeValue>
							<AdditionalData>
								<AxAttributeParameter>
									<TypeValue>String</TypeValue>
									<AdditionalData />
								</AxAttributeParameter>
							</AdditionalData>
						</AxAttributeParameter>
					</Parameters>
				</AxAttribute>
				<AxAttribute>
					<Name>SysOperationLabelAttribute</Name>
					<Parameters>
						<AxAttributeParameter>
							<Type>Intrinsic</Type>
							<TypeValue>literalStr</TypeValue>
							<AdditionalData>
								<AxAttributeParameter>
									<TypeValue>Vendor Account</TypeValue>
									<AdditionalData />
								</AxAttributeParameter>
								<AxAttributeParameter>
									<AdditionalData />
								</AxAttributeParameter>
								<AxAttributeParameter>
									<AdditionalData />
								</AxAttributeParameter>
							</AdditionalData>
						</AxAttributeParameter>
					</Parameters>
				</AxAttribute>
				<AxAttribute>
					<Name>SysOperationHelpText</Name>
					<Parameters>
						<AxAttributeParameter>
							<Type>Intrinsic</Type>
							<TypeValue>literalStr</TypeValue>
							<AdditionalData>
								<AxAttributeParameter>
									<TypeValue>Reterive Vendor AccountNum From Vendor Table</TypeValue>
									<AdditionalData />
								</AxAttributeParameter>
								<AxAttributeParameter>
									<AdditionalData />
								</AxAttributeParameter>
								<AxAttributeParameter>
									<AdditionalData />
								</AxAttributeParameter>
							</AdditionalData>
						</AxAttributeParameter>
					</Parameters>
				</AxAttribute>
			</Attributes>
			<Parameters>
				<AxMethodParameter>
					<Type>ExtendedDataType</Type>
					<TypeName>ACCOUNTNUM</TypeName>
					<DefaultValue>AccountNum</DefaultValue>
					<Name>_AccountNum</Name>
				</AxMethodParameter>
			</Parameters>
			<ReturnType>
				<Type>ExtendedDataType</Type>
				<TypeName>ACCOUNTNUM</TypeName>
			</ReturnType>
		</Method>
		<Method>
			<Name>validate</Name>
			<Visibility>Public</Visibility>
			<ReturnType>
				<Type>Enum</Type>
				<TypeName>boolean</TypeName>
			</ReturnType>
			<Variables>
				<AxMethodVariable>
					<Type>Enum</Type>
					<TypeName>boolean</TypeName>
					<Name>isValid</Name>
				</AxMethodVariable>
			</Variables>
		</Method>
	</Methods>
</z:anyType>