<?xml version="1.0" encoding="utf-8"?>
<z:anyType xmlns:i="http://www.w3.org/2001/XMLSchema-instance" xmlns=""
	i:type="AxCompilerMetadata" xmlns:z="http://schemas.microsoft.com/2003/10/Serialization/">
	<Extends>SysOperationServiceController</Extends>
	<IsPublic>true</IsPublic>
	<Methods>
		<Method>
			<Name>new</Name>
			<Visibility>Protected</Visibility>
			<ReturnType>
				<TypeName></TypeName>
			</ReturnType>
		</Method>
		<Method>
			<Name>defaultCaption</Name>
			<Visibility>Public</Visibility>
			<ReturnType>
				<Type>ExtendedDataType</Type>
				<TypeName>ClassDescription</TypeName>
			</ReturnType>
		</Method>
		<Method>
			<Name>construct</Name>
			<IsStatic>true</IsStatic>
			<Visibility>Public</Visibility>
			<Parameters>
				<AxMethodParameter>
					<Type>Enum</Type>
					<TypeName>SysOperationExecutionMode</TypeName>
					<DefaultValue>SysOperationExecutionMode::Synchronous</DefaultValue>
					<Name>_executionMode</Name>
				</AxMethodParameter>
			</Parameters>
			<ReturnType>
				<Type>Class</Type>
				<TypeName>SysOperationBatchController</TypeName>
			</ReturnType>
			<Variables>
				<AxMethodVariable>
					<Type>Class</Type>
					<TypeName>SysOperationBatchController</TypeName>
					<Name>controller</Name>
				</AxMethodVariable>
			</Variables>
		</Method>
		<Method>
			<Name>main</Name>
			<IsStatic>true</IsStatic>
			<Visibility>Public</Visibility>
			<Parameters>
				<AxMethodParameter>
					<Type>Class</Type>
					<TypeName>Args</TypeName>
					<Name>_args</Name>
				</AxMethodParameter>
			</Parameters>
			<ReturnType>
				<TypeName></TypeName>
			</ReturnType>
			<Variables>
				<AxMethodVariable>
					<Type>Class</Type>
					<TypeName>SysOperationBatchController</TypeName>
					<Name>controller</Name>
				</AxMethodVariable>
			</Variables>
		</Method>
	</Methods>
</z:anyType>