<?xml version="1.0" encoding="utf-8"?>
<AxDataEntityView xmlns:i="http://www.w3.org/2001/XMLSchema-instance">
	<Name>PrintMgmtDataEntity</Name>
	<SourceCode>
		<Declaration><![CDATA[
public class PrintMgmtDataEntity extends common
{
}
]]></Declaration>
		<Methods />
	</SourceCode>
	<Label>@ApplicationFoundation:PrintManagementDestinationEmailEntity</Label>
	<SubscriberAccessLevel>
		<Read>Allow</Read>
	</SubscriberAccessLevel>
	<DataManagementEnabled>Yes</DataManagementEnabled>
	<DataManagementStagingTable>PrintMgmtDataStaging</DataManagementStagingTable>
	<IsPublic>Yes</IsPublic>
	<PrimaryCompanyContext>DataAreaId</PrimaryCompanyContext>
	<PrimaryKey>EntityKey</PrimaryKey>
	<PublicCollectionName>MgmtDatas</PublicCollectionName>
	<PublicEntityName>MgmtData</PublicEntityName>
	<DeleteActions />
	<FieldGroups>
		<AxTableFieldGroup>
			<Name>AutoReport</Name>
			<Fields />
		</AxTableFieldGroup>
		<AxTableFieldGroup>
			<Name>AutoLookup</Name>
			<Fields />
		</AxTableFieldGroup>
		<AxTableFieldGroup>
			<Name>AutoIdentification</Name>
			<AutoPopulate>Yes</AutoPopulate>
			<Fields />
		</AxTableFieldGroup>
		<AxTableFieldGroup>
			<Name>AutoSummary</Name>
			<Fields />
		</AxTableFieldGroup>
		<AxTableFieldGroup>
			<Name>AutoBrowse</Name>
			<Fields />
		</AxTableFieldGroup>
	</FieldGroups>
	<Fields>
		<AxDataEntityViewField xmlns=""
			i:type="AxDataEntityViewMappedField">
			<Name>DataAreaId1</Name>
			<DataField>DataAreaId</DataField>
			<DataSource>PrintMgmtSettings</DataSource>
		</AxDataEntityViewField>
		<AxDataEntityViewField xmlns=""
			i:type="AxDataEntityViewMappedField">
			<Name>Description</Name>
			<DataField>Description</DataField>
			<DataSource>PrintMgmtSettings</DataSource>
		</AxDataEntityViewField>
		<AxDataEntityViewField xmlns=""
			i:type="AxDataEntityViewMappedField">
			<Name>NumberOfCopies</Name>
			<DataField>NumberOfCopies</DataField>
			<DataSource>PrintMgmtSettings</DataSource>
		</AxDataEntityViewField>
		<AxDataEntityViewField xmlns=""
			i:type="AxDataEntityViewMappedField">
			<Name>ParentId</Name>
			<DataField>ParentId</DataField>
			<DataSource>PrintMgmtSettings</DataSource>
		</AxDataEntityViewField>
		<AxDataEntityViewField xmlns=""
			i:type="AxDataEntityViewMappedField">
			<Name>Partition1</Name>
			<DataField>Partition</DataField>
			<DataSource>PrintMgmtSettings</DataSource>
		</AxDataEntityViewField>
		<AxDataEntityViewField xmlns=""
			i:type="AxDataEntityViewMappedField">
			<Name>PrintJobSettings</Name>
			<DataField>PrintJobSettings</DataField>
			<DataSource>PrintMgmtSettings</DataSource>
		</AxDataEntityViewField>
		<AxDataEntityViewField xmlns=""
			i:type="AxDataEntityViewMappedField">
			<Name>PriorityId</Name>
			<DataField>PriorityId</DataField>
			<DataSource>PrintMgmtSettings</DataSource>
		</AxDataEntityViewField>
		<AxDataEntityViewField xmlns=""
			i:type="AxDataEntityViewMappedField">
			<Name>QueryPacked</Name>
			<DataField>QueryPacked</DataField>
			<DataSource>PrintMgmtSettings</DataSource>
		</AxDataEntityViewField>
		<AxDataEntityViewField xmlns=""
			i:type="AxDataEntityViewMappedField">
			<Name>RecId1</Name>
			<DataField>RecId</DataField>
			<DataSource>PrintMgmtSettings</DataSource>
		</AxDataEntityViewField>
		<AxDataEntityViewField xmlns=""
			i:type="AxDataEntityViewMappedField">
			<Name>RecVersion1</Name>
			<DataField>RecVersion</DataField>
			<DataSource>PrintMgmtSettings</DataSource>
		</AxDataEntityViewField>
		<AxDataEntityViewField xmlns=""
			i:type="AxDataEntityViewMappedField">
			<Name>ReportFormat</Name>
			<DataField>ReportFormat</DataField>
			<DataSource>PrintMgmtSettings</DataSource>
		</AxDataEntityViewField>
		<AxDataEntityViewField xmlns=""
			i:type="AxDataEntityViewMappedField">
			<Name>Suppress</Name>
			<DataField>Suppress</DataField>
			<DataSource>PrintMgmtSettings</DataSource>
		</AxDataEntityViewField>
	</Fields>
	<Keys>
		<AxDataEntityViewKey>
			<Name>EntityKey</Name>
			<Fields>
				<AxDataEntityViewKeyField>
					<DataField>ParentId</DataField>
				</AxDataEntityViewKeyField>
			</Fields>
		</AxDataEntityViewKey>
	</Keys>
	<Mappings />
	<Ranges />
	<Relations />
	<StateMachines />
	<ViewMetadata>
		<Name>Metadata</Name>
		<SourceCode>
			<Methods>
				<Method>
					<Name>classDeclaration</Name>
					<Source><![CDATA[
[Query]
public class Metadata extends QueryRun
{
}
]]></Source>
				</Method>
			</Methods>
		</SourceCode>
		<DataSources>
			<AxQuerySimpleRootDataSource>
				<Name>PrintMgmtSettings</Name>
				<DynamicFields>Yes</DynamicFields>
				<Table>PrintMgmtSettings</Table>
				<DataSources />
				<DerivedDataSources />
				<Fields />
				<Ranges />
				<GroupBy />
				<Having />
				<OrderBy />
			</AxQuerySimpleRootDataSource>
		</DataSources>
	</ViewMetadata>
</AxDataEntityView>