<?xml version="1.0" encoding="utf-8"?>
<AxReport xmlns:i="http://www.w3.org/2001/XMLSchema-instance" xmlns="Microsoft.Dynamics.AX.Metadata.V2">
	<Name>SalesOrderReport</Name>
	<DataMethods />
	<DataSets>
		<AxReportDataSet xmlns="">
			<Name>Header</Name>
			<DataSourceType>ReportDataProvider</DataSourceType>
			<Query>SELECT * FROM SalesOrderHeaderDP.SalesOrderHeaderTmp</Query>
			<FieldGroups />
			<Fields>
				<AxReportDataSetField>
					<Name>CashDisc</Name>
					<Alias>SalesOrderHeaderTmp.1.CashDisc</Alias>
					<Caption>@SYS4376</Caption>
					<DisplayWidth>Auto</DisplayWidth>
					<UserDefined>false</UserDefined>
				</AxReportDataSetField>
				<AxReportDataSetField>
					<Name>CurrencyCode</Name>
					<Alias>SalesOrderHeaderTmp.1.CurrencyCode</Alias>
					<DisplayWidth>Auto</DisplayWidth>
					<UserDefined>false</UserDefined>
				</AxReportDataSetField>
				<AxReportDataSetField>
					<Name>CustAccount</Name>
					<Alias>SalesOrderHeaderTmp.1.CustAccount</Alias>
					<Caption>@SYS7149</Caption>
					<DisplayWidth>Auto</DisplayWidth>
					<UserDefined>false</UserDefined>
				</AxReportDataSetField>
				<AxReportDataSetField>
					<Name>DiscPercent</Name>
					<Alias>SalesOrderHeaderTmp.1.DiscPercent</Alias>
					<Caption>@SYS22434</Caption>
					<DataType>System.Double</DataType>
					<DisplayWidth>Auto</DisplayWidth>
					<UserDefined>false</UserDefined>
				</AxReportDataSetField>
				<AxReportDataSetField>
					<Name>DlvMode</Name>
					<Alias>SalesOrderHeaderTmp.1.DlvMode</Alias>
					<Caption>@SYS210</Caption>
					<DisplayWidth>Auto</DisplayWidth>
					<UserDefined>false</UserDefined>
				</AxReportDataSetField>
				<AxReportDataSetField>
					<Name>DlvTerm</Name>
					<Alias>SalesOrderHeaderTmp.1.DlvTerm</Alias>
					<Caption>@SYS27703</Caption>
					<DisplayWidth>Auto</DisplayWidth>
					<UserDefined>false</UserDefined>
				</AxReportDataSetField>
				<AxReportDataSetField>
					<Name>InvoiceAccount</Name>
					<Alias>SalesOrderHeaderTmp.1.InvoiceAccount</Alias>
					<Caption>@SYS25708</Caption>
					<DisplayWidth>Auto</DisplayWidth>
					<UserDefined>false</UserDefined>
				</AxReportDataSetField>
				<AxReportDataSetField>
					<Name>PaymMode</Name>
					<Alias>SalesOrderHeaderTmp.1.PaymMode</Alias>
					<Caption>@SYS21698</Caption>
					<DisplayWidth>Auto</DisplayWidth>
					<UserDefined>false</UserDefined>
				</AxReportDataSetField>
				<AxReportDataSetField>
					<Name>Payment</Name>
					<Alias>SalesOrderHeaderTmp.1.Payment</Alias>
					<Caption>@SYS828</Caption>
					<DisplayWidth>Auto</DisplayWidth>
					<UserDefined>false</UserDefined>
				</AxReportDataSetField>
				<AxReportDataSetField>
					<Name>PostingProfile</Name>
					<Alias>SalesOrderHeaderTmp.1.PostingProfile</Alias>
					<Caption>@SYS21530</Caption>
					<DisplayWidth>Auto</DisplayWidth>
					<UserDefined>false</UserDefined>
				</AxReportDataSetField>
				<AxReportDataSetField>
					<Name>SalesGroup</Name>
					<Alias>SalesOrderHeaderTmp.1.SalesGroup</Alias>
					<Caption>@SYS23784</Caption>
					<DisplayWidth>Auto</DisplayWidth>
					<UserDefined>false</UserDefined>
				</AxReportDataSetField>
				<AxReportDataSetField>
					<Name>SalesId</Name>
					<Alias>SalesOrderHeaderTmp.1.SalesId</Alias>
					<Caption>@SYS9694</Caption>
					<DisplayWidth>Auto</DisplayWidth>
					<UserDefined>false</UserDefined>
				</AxReportDataSetField>
				<AxReportDataSetField>
					<Name>SalesStatusLabel</Name>
					<Alias>SalesOrderHeaderTmp.1.SalesStatus:LABEL(SalesStatus)</Alias>
					<DisplayWidth>Auto</DisplayWidth>
					<UserDefined>false</UserDefined>
				</AxReportDataSetField>
				<AxReportDataSetField>
					<Name>SalesStatusName</Name>
					<Alias>SalesOrderHeaderTmp.1.SalesStatus:NAME(SalesStatus)</Alias>
					<DisableAutoCreateInDataRegion>true</DisableAutoCreateInDataRegion>
					<DisplayWidth>Auto</DisplayWidth>
					<UserDefined>false</UserDefined>
				</AxReportDataSetField>
				<AxReportDataSetField>
					<Name>SalesTypeLabel</Name>
					<Alias>SalesOrderHeaderTmp.1.SalesType:LABEL(SalesType)</Alias>
					<DisplayWidth>Auto</DisplayWidth>
					<UserDefined>false</UserDefined>
				</AxReportDataSetField>
				<AxReportDataSetField>
					<Name>SalesTypeName</Name>
					<Alias>SalesOrderHeaderTmp.1.SalesType:NAME(SalesType)</Alias>
					<DisableAutoCreateInDataRegion>true</DisableAutoCreateInDataRegion>
					<DisplayWidth>Auto</DisplayWidth>
					<UserDefined>false</UserDefined>
				</AxReportDataSetField>
				<AxReportDataSetField>
					<Name>ShippingDateRequested</Name>
					<Alias>SalesOrderHeaderTmp.1.ShippingDateRequested</Alias>
					<Caption>@SYS88230</Caption>
					<DataType>System.DateTime</DataType>
					<DisplayWidth>Auto</DisplayWidth>
					<UserDefined>false</UserDefined>
				</AxReportDataSetField>
				<AxReportDataSetField>
					<Name>TaxGroup</Name>
					<Alias>SalesOrderHeaderTmp.1.TaxGroup</Alias>
					<Caption>@SYS21919</Caption>
					<DisplayWidth>Auto</DisplayWidth>
					<UserDefined>false</UserDefined>
				</AxReportDataSetField>
				<AxReportDataSetField>
					<Name>VATNum</Name>
					<Alias>SalesOrderHeaderTmp.1.VATNum</Alias>
					<Caption>@SYS8946</Caption>
					<DisplayWidth>Auto</DisplayWidth>
					<UserDefined>false</UserDefined>
				</AxReportDataSetField>
			</Fields>
			<Parameters>
				<AxReportDataSetParameter>
					<Name>AX_PartitionKey</Name>
					<Alias>AX_PartitionKey</Alias>
					<DataType>System.String</DataType>
					<Parameter>AX_PartitionKey</Parameter>
				</AxReportDataSetParameter>
				<AxReportDataSetParameter>
					<Name>AX_CompanyName</Name>
					<Alias>AX_CompanyName</Alias>
					<DataType>System.String</DataType>
					<Parameter>AX_CompanyName</Parameter>
				</AxReportDataSetParameter>
				<AxReportDataSetParameter>
					<Name>AX_UserContext</Name>
					<Alias>AX_UserContext</Alias>
					<DataType>System.String</DataType>
					<Parameter>AX_UserContext</Parameter>
				</AxReportDataSetParameter>
				<AxReportDataSetParameter>
					<Name>AX_RenderingCulture</Name>
					<Alias>AX_RenderingCulture</Alias>
					<DataType>System.String</DataType>
					<Parameter>AX_RenderingCulture</Parameter>
				</AxReportDataSetParameter>
				<AxReportDataSetParameter>
					<Name>AX_ReportContext</Name>
					<Alias>AX_ReportContext</Alias>
					<DataType>System.String</DataType>
					<Parameter>AX_ReportContext</Parameter>
				</AxReportDataSetParameter>
				<AxReportDataSetParameter>
					<Name>AX_RdpPreProcessedId</Name>
					<Alias>AX_RdpPreProcessedId</Alias>
					<DataType>System.String</DataType>
					<Parameter>AX_RdpPreProcessedId</Parameter>
				</AxReportDataSetParameter>
				<AxReportDataSetParameter>
					<Name>fromDate</Name>
					<Alias>fromDate</Alias>
					<DataType>System.DateTime</DataType>
					<Parameter>Header_fromDate</Parameter>
				</AxReportDataSetParameter>
				<AxReportDataSetParameter>
					<Name>toDate</Name>
					<Alias>toDate</Alias>
					<DataType>System.DateTime</DataType>
					<Parameter>Header_toDate</Parameter>
				</AxReportDataSetParameter>
			</Parameters>
		</AxReportDataSet>
		<AxReportDataSet xmlns="">
			<Name>Line</Name>
			<DataSourceType>ReportDataProvider</DataSourceType>
			<DynamicFilters>false</DynamicFilters>
			<Query>SELECT * FROM SalesOrderHeaderDP.SalesOrderLinesTmp</Query>
			<FieldGroups />
			<Fields>
				<AxReportDataSetField>
					<Name>DeliveryTypeLabel</Name>
					<Alias>SalesOrderLinesTmp.1.DeliveryType:LABEL(TradeLineDlvType)</Alias>
					<DisplayWidth>Auto</DisplayWidth>
					<UserDefined>false</UserDefined>
				</AxReportDataSetField>
				<AxReportDataSetField>
					<Name>DeliveryTypeName</Name>
					<Alias>SalesOrderLinesTmp.1.DeliveryType:NAME(TradeLineDlvType)</Alias>
					<DisableAutoCreateInDataRegion>true</DisableAutoCreateInDataRegion>
					<DisplayWidth>Auto</DisplayWidth>
					<UserDefined>false</UserDefined>
				</AxReportDataSetField>
				<AxReportDataSetField>
					<Name>InventLocationId</Name>
					<Alias>SalesOrderLinesTmp.1.InventLocationId</Alias>
					<Caption>@SYS6437</Caption>
					<DisplayWidth>Auto</DisplayWidth>
					<UserDefined>false</UserDefined>
				</AxReportDataSetField>
				<AxReportDataSetField>
					<Name>InventSiteId</Name>
					<Alias>SalesOrderLinesTmp.1.InventSiteId</Alias>
					<Caption>@SYS103211</Caption>
					<DisplayWidth>Auto</DisplayWidth>
					<UserDefined>false</UserDefined>
				</AxReportDataSetField>
				<AxReportDataSetField>
					<Name>ItemId</Name>
					<Alias>SalesOrderLinesTmp.1.ItemId</Alias>
					<Caption>Item Number</Caption>
					<DisplayWidth>Auto</DisplayWidth>
					<UserDefined>false</UserDefined>
				</AxReportDataSetField>
				<AxReportDataSetField>
					<Name>LineAmount</Name>
					<Alias>SalesOrderLinesTmp.1.LineAmount</Alias>
					<Caption>@SYS6901</Caption>
					<DataType>System.Double</DataType>
					<DisplayWidth>Auto</DisplayWidth>
					<UserDefined>false</UserDefined>
				</AxReportDataSetField>
				<AxReportDataSetField>
					<Name>LineDisc</Name>
					<Alias>SalesOrderLinesTmp.1.LineDisc</Alias>
					<Caption>@SYS11829</Caption>
					<DataType>System.Double</DataType>
					<DisplayWidth>Auto</DisplayWidth>
					<UserDefined>false</UserDefined>
				</AxReportDataSetField>
				<AxReportDataSetField>
					<Name>LinePercent</Name>
					<Alias>SalesOrderLinesTmp.1.LinePercent</Alias>
					<Caption>@SYS7813</Caption>
					<DataType>System.Double</DataType>
					<DisplayWidth>Auto</DisplayWidth>
					<UserDefined>false</UserDefined>
				</AxReportDataSetField>
				<AxReportDataSetField>
					<Name>LineTypeLabel</Name>
					<Alias>SalesOrderLinesTmp.1.LineType:LABEL(MCRLineType)</Alias>
					<DisplayWidth>Auto</DisplayWidth>
					<UserDefined>false</UserDefined>
				</AxReportDataSetField>
				<AxReportDataSetField>
					<Name>LineTypeName</Name>
					<Alias>SalesOrderLinesTmp.1.LineType:NAME(MCRLineType)</Alias>
					<DisableAutoCreateInDataRegion>true</DisableAutoCreateInDataRegion>
					<DisplayWidth>Auto</DisplayWidth>
					<UserDefined>false</UserDefined>
				</AxReportDataSetField>
				<AxReportDataSetField>
					<Name>Name</Name>
					<Alias>SalesOrderLinesTmp.1.Name</Alias>
					<Caption>Product Name</Caption>
					<DisplayWidth>Auto</DisplayWidth>
					<UserDefined>false</UserDefined>
				</AxReportDataSetField>
				<AxReportDataSetField>
					<Name>SalesCategory</Name>
					<Alias>SalesOrderLinesTmp.1.SalesCategory</Alias>
					<Caption>Sales Category</Caption>
					<DataType>System.Int64</DataType>
					<DisplayWidth>Auto</DisplayWidth>
					<UserDefined>false</UserDefined>
				</AxReportDataSetField>
				<AxReportDataSetField>
					<Name>SalesId</Name>
					<Alias>SalesOrderLinesTmp.1.SalesId</Alias>
					<Caption>@SYS9694</Caption>
					<DisplayWidth>Auto</DisplayWidth>
					<UserDefined>false</UserDefined>
				</AxReportDataSetField>
				<AxReportDataSetField>
					<Name>SalesPrice</Name>
					<Alias>SalesOrderLinesTmp.1.SalesPrice</Alias>
					<Caption>@SYS5755</Caption>
					<DataType>System.Double</DataType>
					<DisplayWidth>Auto</DisplayWidth>
					<UserDefined>false</UserDefined>
				</AxReportDataSetField>
				<AxReportDataSetField>
					<Name>SalesQty</Name>
					<Alias>SalesOrderLinesTmp.1.SalesQty</Alias>
					<Caption>@SYS14578</Caption>
					<DataType>System.Double</DataType>
					<DisplayWidth>Auto</DisplayWidth>
					<UserDefined>false</UserDefined>
				</AxReportDataSetField>
				<AxReportDataSetField>
					<Name>SalesStatusLabel</Name>
					<Alias>SalesOrderLinesTmp.1.SalesStatus:LABEL(SalesStatus)</Alias>
					<Caption>@SYS7161</Caption>
					<DisplayWidth>Auto</DisplayWidth>
					<UserDefined>false</UserDefined>
				</AxReportDataSetField>
				<AxReportDataSetField>
					<Name>SalesStatusName</Name>
					<Alias>SalesOrderLinesTmp.1.SalesStatus:NAME(SalesStatus)</Alias>
					<Caption>@SYS7161</Caption>
					<DisableAutoCreateInDataRegion>true</DisableAutoCreateInDataRegion>
					<DisplayWidth>Auto</DisplayWidth>
					<UserDefined>false</UserDefined>
				</AxReportDataSetField>
				<AxReportDataSetField>
					<Name>SalesUnit</Name>
					<Alias>SalesOrderLinesTmp.1.SalesUnit</Alias>
					<DisplayWidth>Auto</DisplayWidth>
					<UserDefined>false</UserDefined>
				</AxReportDataSetField>
			</Fields>
			<Parameters>
				<AxReportDataSetParameter>
					<Name>AX_PartitionKey</Name>
					<Alias>AX_PartitionKey</Alias>
					<DataType>System.String</DataType>
					<Parameter>AX_PartitionKey</Parameter>
				</AxReportDataSetParameter>
				<AxReportDataSetParameter>
					<Name>AX_CompanyName</Name>
					<Alias>AX_CompanyName</Alias>
					<DataType>System.String</DataType>
					<Parameter>AX_CompanyName</Parameter>
				</AxReportDataSetParameter>
				<AxReportDataSetParameter>
					<Name>AX_UserContext</Name>
					<Alias>AX_UserContext</Alias>
					<DataType>System.String</DataType>
					<Parameter>AX_UserContext</Parameter>
				</AxReportDataSetParameter>
				<AxReportDataSetParameter>
					<Name>AX_RenderingCulture</Name>
					<Alias>AX_RenderingCulture</Alias>
					<DataType>System.String</DataType>
					<Parameter>AX_RenderingCulture</Parameter>
				</AxReportDataSetParameter>
				<AxReportDataSetParameter>
					<Name>AX_ReportContext</Name>
					<Alias>AX_ReportContext</Alias>
					<DataType>System.String</DataType>
					<Parameter>AX_ReportContext</Parameter>
				</AxReportDataSetParameter>
				<AxReportDataSetParameter>
					<Name>AX_RdpPreProcessedId</Name>
					<Alias>AX_RdpPreProcessedId</Alias>
					<DataType>System.String</DataType>
					<Parameter>AX_RdpPreProcessedId</Parameter>
				</AxReportDataSetParameter>
				<AxReportDataSetParameter>
					<Name>fromDate</Name>
					<Alias>fromDate</Alias>
					<DataType>System.DateTime</DataType>
					<Parameter>Header_fromDate</Parameter>
				</AxReportDataSetParameter>
				<AxReportDataSetParameter>
					<Name>toDate</Name>
					<Alias>toDate</Alias>
					<DataType>System.DateTime</DataType>
					<Parameter>Header_toDate</Parameter>
				</AxReportDataSetParameter>
			</Parameters>
		</AxReportDataSet>
	</DataSets>
	<DefaultParameterGroup>
		<Name xmlns="">Parameters</Name>
		<ReportParameterBases xmlns="">
			<AxReportParameterBase xmlns=""
				i:type="AxReportParameter">
				<Name>Header_DynamicParameter</Name>
				<AllowBlank>true</AllowBlank>
				<DataType>Microsoft.Dynamics.AX.Framework.Services.Client.QueryMetadata</DataType>
				<Nullable>true</Nullable>
				<UserVisibility>Hidden</UserVisibility>
				<DefaultValue />
				<Values />
			</AxReportParameterBase>
			<AxReportParameterBase xmlns=""
				i:type="AxReportParameter">
				<Name>AX_PartitionKey</Name>
				<AllowBlank>true</AllowBlank>
				<Nullable>true</Nullable>
				<UserVisibility>Hidden</UserVisibility>
				<DefaultValue />
				<Values />
			</AxReportParameterBase>
			<AxReportParameterBase xmlns=""
				i:type="AxReportParameter">
				<Name>AX_CompanyName</Name>
				<UserVisibility>Hidden</UserVisibility>
				<DefaultValue />
				<Values />
			</AxReportParameterBase>
			<AxReportParameterBase xmlns=""
				i:type="AxReportParameter">
				<Name>AX_UserContext</Name>
				<AllowBlank>true</AllowBlank>
				<Nullable>true</Nullable>
				<UserVisibility>Hidden</UserVisibility>
				<DefaultValue />
				<Values />
			</AxReportParameterBase>
			<AxReportParameterBase xmlns=""
				i:type="AxReportParameter">
				<Name>AX_RenderingCulture</Name>
				<AllowBlank>true</AllowBlank>
				<Nullable>true</Nullable>
				<UserVisibility>Hidden</UserVisibility>
				<DefaultValue />
				<Values />
			</AxReportParameterBase>
			<AxReportParameterBase xmlns=""
				i:type="AxReportParameter">
				<Name>AX_ReportContext</Name>
				<AllowBlank>true</AllowBlank>
				<Nullable>true</Nullable>
				<UserVisibility>Hidden</UserVisibility>
				<DefaultValue />
				<Values />
			</AxReportParameterBase>
			<AxReportParameterBase xmlns=""
				i:type="AxReportParameter">
				<Name>AX_RdpPreProcessedId</Name>
				<AllowBlank>true</AllowBlank>
				<Nullable>true</Nullable>
				<UserVisibility>Hidden</UserVisibility>
				<DefaultValue />
				<Values />
			</AxReportParameterBase>
			<AxReportParameterBase xmlns=""
				i:type="AxReportParameter">
				<Name>Header_fromDate</Name>
				<DataType>System.DateTime</DataType>
				<DefaultValue />
				<Values />
			</AxReportParameterBase>
			<AxReportParameterBase xmlns=""
				i:type="AxReportParameter">
				<Name>Header_toDate</Name>
				<DataType>System.DateTime</DataType>
				<DefaultValue />
				<Values />
			</AxReportParameterBase>
		</ReportParameterBases>
	</DefaultParameterGroup>
	<Designs>
		<AxReportDesign xmlns=""
			i:type="AxReportPrecisionDesign">
			<Name>USTSalesOrderreport</Name>
			<Text>&lt;?xml version="1.0" encoding="utf-8"?&gt;
&lt;Report xmlns="http://schemas.microsoft.com/sqlserver/reporting/2016/01/reportdefinition" xmlns:rd="http://schemas.microsoft.com/SQLServer/reporting/reportdesigner"&gt;
  &lt;AutoRefresh&gt;0&lt;/AutoRefresh&gt;
  &lt;DataSources&gt;
    &lt;DataSource Name="AutoGen__ReportDataProvider"&gt;
      &lt;Transaction&gt;true&lt;/Transaction&gt;
      &lt;ConnectionProperties&gt;
        &lt;DataProvider&gt;AXREPORTDATAPROVIDER&lt;/DataProvider&gt;
        &lt;ConnectString /&gt;
        &lt;IntegratedSecurity&gt;true&lt;/IntegratedSecurity&gt;
      &lt;/ConnectionProperties&gt;
      &lt;rd:DataSourceID&gt;6c0577f2-0054-4ebe-aeeb-412919d46e8c&lt;/rd:DataSourceID&gt;
    &lt;/DataSource&gt;
  &lt;/DataSources&gt;
  &lt;DataSets&gt;
    &lt;DataSet Name="Header"&gt;
      &lt;Query&gt;
        &lt;DataSourceName&gt;AutoGen__ReportDataProvider&lt;/DataSourceName&gt;
        &lt;QueryParameters&gt;
          &lt;QueryParameter Name="AX_PartitionKey"&gt;
            &lt;Value&gt;=Parameters!AX_PartitionKey.Value&lt;/Value&gt;
          &lt;/QueryParameter&gt;
          &lt;QueryParameter Name="AX_CompanyName"&gt;
            &lt;Value&gt;=Parameters!AX_CompanyName.Value&lt;/Value&gt;
          &lt;/QueryParameter&gt;
          &lt;QueryParameter Name="AX_UserContext"&gt;
            &lt;Value&gt;=Parameters!AX_UserContext.Value&lt;/Value&gt;
          &lt;/QueryParameter&gt;
          &lt;QueryParameter Name="AX_RenderingCulture"&gt;
            &lt;Value&gt;=Parameters!AX_RenderingCulture.Value&lt;/Value&gt;
          &lt;/QueryParameter&gt;
          &lt;QueryParameter Name="AX_ReportContext"&gt;
            &lt;Value&gt;=Parameters!AX_ReportContext.Value&lt;/Value&gt;
          &lt;/QueryParameter&gt;
          &lt;QueryParameter Name="AX_RdpPreProcessedId"&gt;
            &lt;Value&gt;=Parameters!AX_RdpPreProcessedId.Value&lt;/Value&gt;
          &lt;/QueryParameter&gt;
          &lt;QueryParameter Name="fromDate"&gt;
            &lt;Value&gt;=Parameters!Header_fromDate.Value&lt;/Value&gt;
          &lt;/QueryParameter&gt;
          &lt;QueryParameter Name="toDate"&gt;
            &lt;Value&gt;=Parameters!Header_toDate.Value&lt;/Value&gt;
          &lt;/QueryParameter&gt;
        &lt;/QueryParameters&gt;
        &lt;CommandText&gt;SELECT * FROM SalesOrderHeaderDP.SalesOrderHeaderTmp&lt;/CommandText&gt;
        &lt;rd:UseGenericDesigner&gt;true&lt;/rd:UseGenericDesigner&gt;
      &lt;/Query&gt;
      &lt;Fields&gt;
        &lt;Field Name="CashDisc"&gt;
          &lt;DataField&gt;SalesOrderHeaderTmp.1.CashDisc&lt;/DataField&gt;
          &lt;rd:TypeName&gt;System.String&lt;/rd:TypeName&gt;
        &lt;/Field&gt;
        &lt;Field Name="CurrencyCode"&gt;
          &lt;DataField&gt;SalesOrderHeaderTmp.1.CurrencyCode&lt;/DataField&gt;
          &lt;rd:TypeName&gt;System.String&lt;/rd:TypeName&gt;
        &lt;/Field&gt;
        &lt;Field Name="CustAccount"&gt;
          &lt;DataField&gt;SalesOrderHeaderTmp.1.CustAccount&lt;/DataField&gt;
          &lt;rd:TypeName&gt;System.String&lt;/rd:TypeName&gt;
        &lt;/Field&gt;
        &lt;Field Name="DiscPercent"&gt;
          &lt;DataField&gt;SalesOrderHeaderTmp.1.DiscPercent&lt;/DataField&gt;
          &lt;rd:TypeName&gt;System.Double&lt;/rd:TypeName&gt;
        &lt;/Field&gt;
        &lt;Field Name="DlvMode"&gt;
          &lt;DataField&gt;SalesOrderHeaderTmp.1.DlvMode&lt;/DataField&gt;
          &lt;rd:TypeName&gt;System.String&lt;/rd:TypeName&gt;
        &lt;/Field&gt;
        &lt;Field Name="DlvTerm"&gt;
          &lt;DataField&gt;SalesOrderHeaderTmp.1.DlvTerm&lt;/DataField&gt;
          &lt;rd:TypeName&gt;System.String&lt;/rd:TypeName&gt;
        &lt;/Field&gt;
        &lt;Field Name="InvoiceAccount"&gt;
          &lt;DataField&gt;SalesOrderHeaderTmp.1.InvoiceAccount&lt;/DataField&gt;
          &lt;rd:TypeName&gt;System.String&lt;/rd:TypeName&gt;
        &lt;/Field&gt;
        &lt;Field Name="PaymMode"&gt;
          &lt;DataField&gt;SalesOrderHeaderTmp.1.PaymMode&lt;/DataField&gt;
          &lt;rd:TypeName&gt;System.String&lt;/rd:TypeName&gt;
        &lt;/Field&gt;
        &lt;Field Name="Payment"&gt;
          &lt;DataField&gt;SalesOrderHeaderTmp.1.Payment&lt;/DataField&gt;
          &lt;rd:TypeName&gt;System.String&lt;/rd:TypeName&gt;
        &lt;/Field&gt;
        &lt;Field Name="PostingProfile"&gt;
          &lt;DataField&gt;SalesOrderHeaderTmp.1.PostingProfile&lt;/DataField&gt;
          &lt;rd:TypeName&gt;System.String&lt;/rd:TypeName&gt;
        &lt;/Field&gt;
        &lt;Field Name="SalesGroup"&gt;
          &lt;DataField&gt;SalesOrderHeaderTmp.1.SalesGroup&lt;/DataField&gt;
          &lt;rd:TypeName&gt;System.String&lt;/rd:TypeName&gt;
        &lt;/Field&gt;
        &lt;Field Name="SalesId"&gt;
          &lt;DataField&gt;SalesOrderHeaderTmp.1.SalesId&lt;/DataField&gt;
          &lt;rd:TypeName&gt;System.String&lt;/rd:TypeName&gt;
        &lt;/Field&gt;
        &lt;Field Name="SalesStatusLabel"&gt;
          &lt;DataField&gt;SalesOrderHeaderTmp.1.SalesStatus:LABEL(SalesStatus)&lt;/DataField&gt;
          &lt;rd:TypeName&gt;System.String&lt;/rd:TypeName&gt;
        &lt;/Field&gt;
        &lt;Field Name="SalesStatusName"&gt;
          &lt;DataField&gt;SalesOrderHeaderTmp.1.SalesStatus:NAME(SalesStatus)&lt;/DataField&gt;
          &lt;rd:TypeName&gt;System.String&lt;/rd:TypeName&gt;
        &lt;/Field&gt;
        &lt;Field Name="SalesTypeLabel"&gt;
          &lt;DataField&gt;SalesOrderHeaderTmp.1.SalesType:LABEL(SalesType)&lt;/DataField&gt;
          &lt;rd:TypeName&gt;System.String&lt;/rd:TypeName&gt;
        &lt;/Field&gt;
        &lt;Field Name="SalesTypeName"&gt;
          &lt;DataField&gt;SalesOrderHeaderTmp.1.SalesType:NAME(SalesType)&lt;/DataField&gt;
          &lt;rd:TypeName&gt;System.String&lt;/rd:TypeName&gt;
        &lt;/Field&gt;
        &lt;Field Name="ShippingDateRequested"&gt;
          &lt;DataField&gt;SalesOrderHeaderTmp.1.ShippingDateRequested&lt;/DataField&gt;
          &lt;rd:TypeName&gt;System.DateTime&lt;/rd:TypeName&gt;
        &lt;/Field&gt;
        &lt;Field Name="TaxGroup"&gt;
          &lt;DataField&gt;SalesOrderHeaderTmp.1.TaxGroup&lt;/DataField&gt;
          &lt;rd:TypeName&gt;System.String&lt;/rd:TypeName&gt;
        &lt;/Field&gt;
        &lt;Field Name="VATNum"&gt;
          &lt;DataField&gt;SalesOrderHeaderTmp.1.VATNum&lt;/DataField&gt;
          &lt;rd:TypeName&gt;System.String&lt;/rd:TypeName&gt;
        &lt;/Field&gt;
      &lt;/Fields&gt;
      &lt;rd:DataSetInfo&gt;
        &lt;rd:DataSetName&gt;Header&lt;/rd:DataSetName&gt;
        &lt;rd:TableName&gt;Fields&lt;/rd:TableName&gt;
        &lt;rd:TableAdapterFillMethod&gt;Fill&lt;/rd:TableAdapterFillMethod&gt;
        &lt;rd:TableAdapterGetDataMethod&gt;GetData&lt;/rd:TableAdapterGetDataMethod&gt;
        &lt;rd:TableAdapterName&gt;FieldsTableAdapter&lt;/rd:TableAdapterName&gt;
      &lt;/rd:DataSetInfo&gt;
    &lt;/DataSet&gt;
    &lt;DataSet Name="Line"&gt;
      &lt;Query&gt;
        &lt;DataSourceName&gt;AutoGen__ReportDataProvider&lt;/DataSourceName&gt;
        &lt;QueryParameters&gt;
          &lt;QueryParameter Name="AX_PartitionKey"&gt;
            &lt;Value&gt;=Parameters!AX_PartitionKey.Value&lt;/Value&gt;
          &lt;/QueryParameter&gt;
          &lt;QueryParameter Name="AX_CompanyName"&gt;
            &lt;Value&gt;=Parameters!AX_CompanyName.Value&lt;/Value&gt;
          &lt;/QueryParameter&gt;
          &lt;QueryParameter Name="AX_UserContext"&gt;
            &lt;Value&gt;=Parameters!AX_UserContext.Value&lt;/Value&gt;
          &lt;/QueryParameter&gt;
          &lt;QueryParameter Name="AX_RenderingCulture"&gt;
            &lt;Value&gt;=Parameters!AX_RenderingCulture.Value&lt;/Value&gt;
          &lt;/QueryParameter&gt;
          &lt;QueryParameter Name="AX_ReportContext"&gt;
            &lt;Value&gt;=Parameters!AX_ReportContext.Value&lt;/Value&gt;
          &lt;/QueryParameter&gt;
          &lt;QueryParameter Name="AX_RdpPreProcessedId"&gt;
            &lt;Value&gt;=Parameters!AX_RdpPreProcessedId.Value&lt;/Value&gt;
          &lt;/QueryParameter&gt;
          &lt;QueryParameter Name="fromDate"&gt;
            &lt;Value&gt;=Parameters!Header_fromDate.Value&lt;/Value&gt;
          &lt;/QueryParameter&gt;
          &lt;QueryParameter Name="toDate"&gt;
            &lt;Value&gt;=Parameters!Header_toDate.Value&lt;/Value&gt;
          &lt;/QueryParameter&gt;
        &lt;/QueryParameters&gt;
        &lt;CommandText&gt;SELECT * FROM SalesOrderHeaderDP.SalesOrderLinesTmp&lt;/CommandText&gt;
        &lt;rd:UseGenericDesigner&gt;true&lt;/rd:UseGenericDesigner&gt;
      &lt;/Query&gt;
      &lt;Fields&gt;
        &lt;Field Name="DeliveryTypeLabel"&gt;
          &lt;DataField&gt;SalesOrderLinesTmp.1.DeliveryType:LABEL(TradeLineDlvType)&lt;/DataField&gt;
          &lt;rd:TypeName&gt;System.String&lt;/rd:TypeName&gt;
        &lt;/Field&gt;
        &lt;Field Name="DeliveryTypeName"&gt;
          &lt;DataField&gt;SalesOrderLinesTmp.1.DeliveryType:NAME(TradeLineDlvType)&lt;/DataField&gt;
          &lt;rd:TypeName&gt;System.String&lt;/rd:TypeName&gt;
        &lt;/Field&gt;
        &lt;Field Name="InventLocationId"&gt;
          &lt;DataField&gt;SalesOrderLinesTmp.1.InventLocationId&lt;/DataField&gt;
          &lt;rd:TypeName&gt;System.String&lt;/rd:TypeName&gt;
        &lt;/Field&gt;
        &lt;Field Name="InventSiteId"&gt;
          &lt;DataField&gt;SalesOrderLinesTmp.1.InventSiteId&lt;/DataField&gt;
          &lt;rd:TypeName&gt;System.String&lt;/rd:TypeName&gt;
        &lt;/Field&gt;
        &lt;Field Name="ItemId"&gt;
          &lt;DataField&gt;SalesOrderLinesTmp.1.ItemId&lt;/DataField&gt;
          &lt;rd:TypeName&gt;System.String&lt;/rd:TypeName&gt;
        &lt;/Field&gt;
        &lt;Field Name="LineAmount"&gt;
          &lt;DataField&gt;SalesOrderLinesTmp.1.LineAmount&lt;/DataField&gt;
          &lt;rd:TypeName&gt;System.Double&lt;/rd:TypeName&gt;
        &lt;/Field&gt;
        &lt;Field Name="LineDisc"&gt;
          &lt;DataField&gt;SalesOrderLinesTmp.1.LineDisc&lt;/DataField&gt;
          &lt;rd:TypeName&gt;System.Double&lt;/rd:TypeName&gt;
        &lt;/Field&gt;
        &lt;Field Name="LinePercent"&gt;
          &lt;DataField&gt;SalesOrderLinesTmp.1.LinePercent&lt;/DataField&gt;
          &lt;rd:TypeName&gt;System.Double&lt;/rd:TypeName&gt;
        &lt;/Field&gt;
        &lt;Field Name="LineTypeLabel"&gt;
          &lt;DataField&gt;SalesOrderLinesTmp.1.LineType:LABEL(MCRLineType)&lt;/DataField&gt;
          &lt;rd:TypeName&gt;System.String&lt;/rd:TypeName&gt;
        &lt;/Field&gt;
        &lt;Field Name="LineTypeName"&gt;
          &lt;DataField&gt;SalesOrderLinesTmp.1.LineType:NAME(MCRLineType)&lt;/DataField&gt;
          &lt;rd:TypeName&gt;System.String&lt;/rd:TypeName&gt;
        &lt;/Field&gt;
        &lt;Field Name="Name"&gt;
          &lt;DataField&gt;SalesOrderLinesTmp.1.Name&lt;/DataField&gt;
          &lt;rd:TypeName&gt;System.String&lt;/rd:TypeName&gt;
        &lt;/Field&gt;
        &lt;Field Name="SalesCategory"&gt;
          &lt;DataField&gt;SalesOrderLinesTmp.1.SalesCategory&lt;/DataField&gt;
          &lt;rd:TypeName&gt;System.Int64&lt;/rd:TypeName&gt;
        &lt;/Field&gt;
        &lt;Field Name="SalesId"&gt;
          &lt;DataField&gt;SalesOrderLinesTmp.1.SalesId&lt;/DataField&gt;
          &lt;rd:TypeName&gt;System.String&lt;/rd:TypeName&gt;
        &lt;/Field&gt;
        &lt;Field Name="SalesPrice"&gt;
          &lt;DataField&gt;SalesOrderLinesTmp.1.SalesPrice&lt;/DataField&gt;
          &lt;rd:TypeName&gt;System.Double&lt;/rd:TypeName&gt;
        &lt;/Field&gt;
        &lt;Field Name="SalesQty"&gt;
          &lt;DataField&gt;SalesOrderLinesTmp.1.SalesQty&lt;/DataField&gt;
          &lt;rd:TypeName&gt;System.Double&lt;/rd:TypeName&gt;
        &lt;/Field&gt;
        &lt;Field Name="SalesStatusLabel"&gt;
          &lt;DataField&gt;SalesOrderLinesTmp.1.SalesStatus:LABEL(SalesStatus)&lt;/DataField&gt;
          &lt;rd:TypeName&gt;System.String&lt;/rd:TypeName&gt;
        &lt;/Field&gt;
        &lt;Field Name="SalesStatusName"&gt;
          &lt;DataField&gt;SalesOrderLinesTmp.1.SalesStatus:NAME(SalesStatus)&lt;/DataField&gt;
          &lt;rd:TypeName&gt;System.String&lt;/rd:TypeName&gt;
        &lt;/Field&gt;
        &lt;Field Name="SalesUnit"&gt;
          &lt;DataField&gt;SalesOrderLinesTmp.1.SalesUnit&lt;/DataField&gt;
          &lt;rd:TypeName&gt;System.String&lt;/rd:TypeName&gt;
        &lt;/Field&gt;
      &lt;/Fields&gt;
      &lt;rd:DataSetInfo&gt;
        &lt;rd:DataSetName&gt;Line&lt;/rd:DataSetName&gt;
        &lt;rd:TableName&gt;Fields&lt;/rd:TableName&gt;
        &lt;rd:TableAdapterFillMethod&gt;Fill&lt;/rd:TableAdapterFillMethod&gt;
        &lt;rd:TableAdapterGetDataMethod&gt;GetData&lt;/rd:TableAdapterGetDataMethod&gt;
        &lt;rd:TableAdapterName&gt;FieldsTableAdapter&lt;/rd:TableAdapterName&gt;
      &lt;/rd:DataSetInfo&gt;
    &lt;/DataSet&gt;
  &lt;/DataSets&gt;
  &lt;ReportSections&gt;
    &lt;ReportSection&gt;
      &lt;Body&gt;
        &lt;ReportItems&gt;
          &lt;Tablix Name="Tablix1"&gt;
            &lt;TablixBody&gt;
              &lt;TablixColumns&gt;
                &lt;TablixColumn&gt;
                  &lt;Width&gt;1in&lt;/Width&gt;
                &lt;/TablixColumn&gt;
                &lt;TablixColumn&gt;
                  &lt;Width&gt;1in&lt;/Width&gt;
                &lt;/TablixColumn&gt;
                &lt;TablixColumn&gt;
                  &lt;Width&gt;1in&lt;/Width&gt;
                &lt;/TablixColumn&gt;
                &lt;TablixColumn&gt;
                  &lt;Width&gt;1in&lt;/Width&gt;
                &lt;/TablixColumn&gt;
                &lt;TablixColumn&gt;
                  &lt;Width&gt;1in&lt;/Width&gt;
                &lt;/TablixColumn&gt;
                &lt;TablixColumn&gt;
                  &lt;Width&gt;1in&lt;/Width&gt;
                &lt;/TablixColumn&gt;
              &lt;/TablixColumns&gt;
              &lt;TablixRows&gt;
                &lt;TablixRow&gt;
                  &lt;Height&gt;0.25in&lt;/Height&gt;
                  &lt;TablixCells&gt;
                    &lt;TablixCell&gt;
                      &lt;CellContents&gt;
                        &lt;Textbox Name="Textbox8"&gt;
                          &lt;CanGrow&gt;true&lt;/CanGrow&gt;
                          &lt;KeepTogether&gt;true&lt;/KeepTogether&gt;
                          &lt;Paragraphs&gt;
                            &lt;Paragraph&gt;
                              &lt;TextRuns&gt;
                                &lt;TextRun&gt;
                                  &lt;Value&gt;="Sales Id"&lt;/Value&gt;
                                  &lt;Style /&gt;
                                &lt;/TextRun&gt;
                              &lt;/TextRuns&gt;
                              &lt;Style /&gt;
                            &lt;/Paragraph&gt;
                          &lt;/Paragraphs&gt;
                          &lt;rd:DefaultName&gt;Textbox8&lt;/rd:DefaultName&gt;
                          &lt;Style&gt;
                            &lt;Border&gt;
                              &lt;Color&gt;LightGrey&lt;/Color&gt;
                              &lt;Style&gt;Solid&lt;/Style&gt;
                            &lt;/Border&gt;
                            &lt;PaddingLeft&gt;2pt&lt;/PaddingLeft&gt;
                            &lt;PaddingRight&gt;2pt&lt;/PaddingRight&gt;
                            &lt;PaddingTop&gt;2pt&lt;/PaddingTop&gt;
                            &lt;PaddingBottom&gt;2pt&lt;/PaddingBottom&gt;
                          &lt;/Style&gt;
                        &lt;/Textbox&gt;
                      &lt;/CellContents&gt;
                    &lt;/TablixCell&gt;
                    &lt;TablixCell&gt;
                      &lt;CellContents&gt;
                        &lt;Textbox Name="Textbox4"&gt;
                          &lt;CanGrow&gt;true&lt;/CanGrow&gt;
                          &lt;KeepTogether&gt;true&lt;/KeepTogether&gt;
                          &lt;Paragraphs&gt;
                            &lt;Paragraph&gt;
                              &lt;TextRuns&gt;
                                &lt;TextRun&gt;
                                  &lt;Value&gt;="Cust Account"&lt;/Value&gt;
                                  &lt;Style /&gt;
                                &lt;/TextRun&gt;
                              &lt;/TextRuns&gt;
                              &lt;Style /&gt;
                            &lt;/Paragraph&gt;
                          &lt;/Paragraphs&gt;
                          &lt;rd:DefaultName&gt;Textbox4&lt;/rd:DefaultName&gt;
                          &lt;Style&gt;
                            &lt;Border&gt;
                              &lt;Color&gt;LightGrey&lt;/Color&gt;
                              &lt;Style&gt;Solid&lt;/Style&gt;
                            &lt;/Border&gt;
                            &lt;PaddingLeft&gt;2pt&lt;/PaddingLeft&gt;
                            &lt;PaddingRight&gt;2pt&lt;/PaddingRight&gt;
                            &lt;PaddingTop&gt;2pt&lt;/PaddingTop&gt;
                            &lt;PaddingBottom&gt;2pt&lt;/PaddingBottom&gt;
                          &lt;/Style&gt;
                        &lt;/Textbox&gt;
                      &lt;/CellContents&gt;
                    &lt;/TablixCell&gt;
                    &lt;TablixCell&gt;
                      &lt;CellContents&gt;
                        &lt;Textbox Name="Textbox6"&gt;
                          &lt;CanGrow&gt;true&lt;/CanGrow&gt;
                          &lt;KeepTogether&gt;true&lt;/KeepTogether&gt;
                          &lt;Paragraphs&gt;
                            &lt;Paragraph&gt;
                              &lt;TextRuns&gt;
                                &lt;TextRun&gt;
                                  &lt;Value&gt;="Invoice Account"&lt;/Value&gt;
                                  &lt;Style /&gt;
                                &lt;/TextRun&gt;
                              &lt;/TextRuns&gt;
                              &lt;Style /&gt;
                            &lt;/Paragraph&gt;
                          &lt;/Paragraphs&gt;
                          &lt;rd:DefaultName&gt;Textbox6&lt;/rd:DefaultName&gt;
                          &lt;Style&gt;
                            &lt;Border&gt;
                              &lt;Color&gt;LightGrey&lt;/Color&gt;
                              &lt;Style&gt;Solid&lt;/Style&gt;
                            &lt;/Border&gt;
                            &lt;PaddingLeft&gt;2pt&lt;/PaddingLeft&gt;
                            &lt;PaddingRight&gt;2pt&lt;/PaddingRight&gt;
                            &lt;PaddingTop&gt;2pt&lt;/PaddingTop&gt;
                            &lt;PaddingBottom&gt;2pt&lt;/PaddingBottom&gt;
                          &lt;/Style&gt;
                        &lt;/Textbox&gt;
                      &lt;/CellContents&gt;
                    &lt;/TablixCell&gt;
                    &lt;TablixCell&gt;
                      &lt;CellContents&gt;
                        &lt;Textbox Name="Textbox12"&gt;
                          &lt;CanGrow&gt;true&lt;/CanGrow&gt;
                          &lt;KeepTogether&gt;true&lt;/KeepTogether&gt;
                          &lt;Paragraphs&gt;
                            &lt;Paragraph&gt;
                              &lt;TextRuns&gt;
                                &lt;TextRun&gt;
                                  &lt;Value&gt;="Order Type"&lt;/Value&gt;
                                  &lt;Style /&gt;
                                &lt;/TextRun&gt;
                              &lt;/TextRuns&gt;
                              &lt;Style /&gt;
                            &lt;/Paragraph&gt;
                          &lt;/Paragraphs&gt;
                          &lt;rd:DefaultName&gt;Textbox12&lt;/rd:DefaultName&gt;
                          &lt;Style&gt;
                            &lt;Border&gt;
                              &lt;Color&gt;LightGrey&lt;/Color&gt;
                              &lt;Style&gt;Solid&lt;/Style&gt;
                            &lt;/Border&gt;
                            &lt;PaddingLeft&gt;2pt&lt;/PaddingLeft&gt;
                            &lt;PaddingRight&gt;2pt&lt;/PaddingRight&gt;
                            &lt;PaddingTop&gt;2pt&lt;/PaddingTop&gt;
                            &lt;PaddingBottom&gt;2pt&lt;/PaddingBottom&gt;
                          &lt;/Style&gt;
                        &lt;/Textbox&gt;
                      &lt;/CellContents&gt;
                    &lt;/TablixCell&gt;
                    &lt;TablixCell&gt;
                      &lt;CellContents&gt;
                        &lt;Textbox Name="Textbox10"&gt;
                          &lt;CanGrow&gt;true&lt;/CanGrow&gt;
                          &lt;KeepTogether&gt;true&lt;/KeepTogether&gt;
                          &lt;Paragraphs&gt;
                            &lt;Paragraph&gt;
                              &lt;TextRuns&gt;
                                &lt;TextRun&gt;
                                  &lt;Value&gt;="Status"&lt;/Value&gt;
                                  &lt;Style /&gt;
                                &lt;/TextRun&gt;
                              &lt;/TextRuns&gt;
                              &lt;Style /&gt;
                            &lt;/Paragraph&gt;
                          &lt;/Paragraphs&gt;
                          &lt;rd:DefaultName&gt;Textbox10&lt;/rd:DefaultName&gt;
                          &lt;Style&gt;
                            &lt;Border&gt;
                              &lt;Color&gt;LightGrey&lt;/Color&gt;
                              &lt;Style&gt;Solid&lt;/Style&gt;
                            &lt;/Border&gt;
                            &lt;PaddingLeft&gt;2pt&lt;/PaddingLeft&gt;
                            &lt;PaddingRight&gt;2pt&lt;/PaddingRight&gt;
                            &lt;PaddingTop&gt;2pt&lt;/PaddingTop&gt;
                            &lt;PaddingBottom&gt;2pt&lt;/PaddingBottom&gt;
                          &lt;/Style&gt;
                        &lt;/Textbox&gt;
                      &lt;/CellContents&gt;
                    &lt;/TablixCell&gt;
                    &lt;TablixCell&gt;
                      &lt;CellContents&gt;
                        &lt;Textbox Name="Textbox16"&gt;
                          &lt;CanGrow&gt;true&lt;/CanGrow&gt;
                          &lt;KeepTogether&gt;true&lt;/KeepTogether&gt;
                          &lt;Paragraphs&gt;
                            &lt;Paragraph&gt;
                              &lt;TextRuns&gt;
                                &lt;TextRun&gt;
                                  &lt;Value&gt;="Item Id"&lt;/Value&gt;
                                  &lt;Style /&gt;
                                &lt;/TextRun&gt;
                              &lt;/TextRuns&gt;
                              &lt;Style /&gt;
                            &lt;/Paragraph&gt;
                          &lt;/Paragraphs&gt;
                          &lt;rd:DefaultName&gt;Textbox16&lt;/rd:DefaultName&gt;
                          &lt;Style&gt;
                            &lt;Border&gt;
                              &lt;Color&gt;LightGrey&lt;/Color&gt;
                              &lt;Style&gt;Solid&lt;/Style&gt;
                            &lt;/Border&gt;
                            &lt;PaddingLeft&gt;2pt&lt;/PaddingLeft&gt;
                            &lt;PaddingRight&gt;2pt&lt;/PaddingRight&gt;
                            &lt;PaddingTop&gt;2pt&lt;/PaddingTop&gt;
                            &lt;PaddingBottom&gt;2pt&lt;/PaddingBottom&gt;
                          &lt;/Style&gt;
                        &lt;/Textbox&gt;
                      &lt;/CellContents&gt;
                    &lt;/TablixCell&gt;
                  &lt;/TablixCells&gt;
                &lt;/TablixRow&gt;
                &lt;TablixRow&gt;
                  &lt;Height&gt;0.25in&lt;/Height&gt;
                  &lt;TablixCells&gt;
                    &lt;TablixCell&gt;
                      &lt;CellContents&gt;
                        &lt;Textbox Name="SalesId"&gt;
                          &lt;CanGrow&gt;true&lt;/CanGrow&gt;
                          &lt;KeepTogether&gt;true&lt;/KeepTogether&gt;
                          &lt;Paragraphs&gt;
                            &lt;Paragraph&gt;
                              &lt;TextRuns&gt;
                                &lt;TextRun&gt;
                                  &lt;Value&gt;=Fields!SalesId.Value&lt;/Value&gt;
                                  &lt;Style /&gt;
                                &lt;/TextRun&gt;
                              &lt;/TextRuns&gt;
                              &lt;Style /&gt;
                            &lt;/Paragraph&gt;
                          &lt;/Paragraphs&gt;
                          &lt;rd:DefaultName&gt;SalesId&lt;/rd:DefaultName&gt;
                          &lt;CustomProperties&gt;
                            &lt;CustomProperty&gt;
                              &lt;Name&gt;AXDataType&lt;/Name&gt;
                              &lt;Value&gt;String&lt;/Value&gt;
                            &lt;/CustomProperty&gt;
                            &lt;CustomProperty&gt;
                              &lt;Name&gt;AXEDTFormat&lt;/Name&gt;
                              &lt;Value&gt;SalesOrderHeaderTmp.SalesId&lt;/Value&gt;
                            &lt;/CustomProperty&gt;
                            &lt;CustomProperty&gt;
                              &lt;Name&gt;AXEDTTextAlign&lt;/Name&gt;
                              &lt;Value&gt;SalesOrderHeaderTmp.SalesId&lt;/Value&gt;
                            &lt;/CustomProperty&gt;
                            &lt;CustomProperty&gt;
                              &lt;Name&gt;AXEDTDirection&lt;/Name&gt;
                              &lt;Value&gt;SalesOrderHeaderTmp.SalesId&lt;/Value&gt;
                            &lt;/CustomProperty&gt;
                          &lt;/CustomProperties&gt;
                          &lt;Style&gt;
                            &lt;Border&gt;
                              &lt;Color&gt;LightGrey&lt;/Color&gt;
                              &lt;Style&gt;Solid&lt;/Style&gt;
                            &lt;/Border&gt;
                            &lt;PaddingLeft&gt;2pt&lt;/PaddingLeft&gt;
                            &lt;PaddingRight&gt;2pt&lt;/PaddingRight&gt;
                            &lt;PaddingTop&gt;2pt&lt;/PaddingTop&gt;
                            &lt;PaddingBottom&gt;2pt&lt;/PaddingBottom&gt;
                          &lt;/Style&gt;
                        &lt;/Textbox&gt;
                      &lt;/CellContents&gt;
                    &lt;/TablixCell&gt;
                    &lt;TablixCell&gt;
                      &lt;CellContents&gt;
                        &lt;Textbox Name="Textbox5"&gt;
                          &lt;CanGrow&gt;true&lt;/CanGrow&gt;
                          &lt;KeepTogether&gt;true&lt;/KeepTogether&gt;
                          &lt;Paragraphs&gt;
                            &lt;Paragraph&gt;
                              &lt;TextRuns&gt;
                                &lt;TextRun&gt;
                                  &lt;Value&gt;=Fields!CustAccount.Value&lt;/Value&gt;
                                  &lt;Style /&gt;
                                &lt;/TextRun&gt;
                              &lt;/TextRuns&gt;
                              &lt;Style /&gt;
                            &lt;/Paragraph&gt;
                          &lt;/Paragraphs&gt;
                          &lt;rd:DefaultName&gt;Textbox5&lt;/rd:DefaultName&gt;
                          &lt;CustomProperties&gt;
                            &lt;CustomProperty&gt;
                              &lt;Name&gt;AXDataType&lt;/Name&gt;
                              &lt;Value&gt;String&lt;/Value&gt;
                            &lt;/CustomProperty&gt;
                            &lt;CustomProperty&gt;
                              &lt;Name&gt;AXEDTFormat&lt;/Name&gt;
                              &lt;Value&gt;SalesOrderHeaderTmp.CustAccount&lt;/Value&gt;
                            &lt;/CustomProperty&gt;
                            &lt;CustomProperty&gt;
                              &lt;Name&gt;AXEDTTextAlign&lt;/Name&gt;
                              &lt;Value&gt;SalesOrderHeaderTmp.CustAccount&lt;/Value&gt;
                            &lt;/CustomProperty&gt;
                            &lt;CustomProperty&gt;
                              &lt;Name&gt;AXEDTDirection&lt;/Name&gt;
                              &lt;Value&gt;SalesOrderHeaderTmp.CustAccount&lt;/Value&gt;
                            &lt;/CustomProperty&gt;
                          &lt;/CustomProperties&gt;
                          &lt;Style&gt;
                            &lt;Border&gt;
                              &lt;Color&gt;LightGrey&lt;/Color&gt;
                              &lt;Style&gt;Solid&lt;/Style&gt;
                            &lt;/Border&gt;
                            &lt;PaddingLeft&gt;2pt&lt;/PaddingLeft&gt;
                            &lt;PaddingRight&gt;2pt&lt;/PaddingRight&gt;
                            &lt;PaddingTop&gt;2pt&lt;/PaddingTop&gt;
                            &lt;PaddingBottom&gt;2pt&lt;/PaddingBottom&gt;
                          &lt;/Style&gt;
                        &lt;/Textbox&gt;
                      &lt;/CellContents&gt;
                    &lt;/TablixCell&gt;
                    &lt;TablixCell&gt;
                      &lt;CellContents&gt;
                        &lt;Textbox Name="Textbox7"&gt;
                          &lt;CanGrow&gt;true&lt;/CanGrow&gt;
                          &lt;KeepTogether&gt;true&lt;/KeepTogether&gt;
                          &lt;Paragraphs&gt;
                            &lt;Paragraph&gt;
                              &lt;TextRuns&gt;
                                &lt;TextRun&gt;
                                  &lt;Value&gt;=Fields!InvoiceAccount.Value&lt;/Value&gt;
                                  &lt;Style /&gt;
                                &lt;/TextRun&gt;
                              &lt;/TextRuns&gt;
                              &lt;Style /&gt;
                            &lt;/Paragraph&gt;
                          &lt;/Paragraphs&gt;
                          &lt;rd:DefaultName&gt;Textbox7&lt;/rd:DefaultName&gt;
                          &lt;CustomProperties&gt;
                            &lt;CustomProperty&gt;
                              &lt;Name&gt;AXDataType&lt;/Name&gt;
                              &lt;Value&gt;String&lt;/Value&gt;
                            &lt;/CustomProperty&gt;
                            &lt;CustomProperty&gt;
                              &lt;Name&gt;AXEDTFormat&lt;/Name&gt;
                              &lt;Value&gt;SalesOrderHeaderTmp.InvoiceAccount&lt;/Value&gt;
                            &lt;/CustomProperty&gt;
                            &lt;CustomProperty&gt;
                              &lt;Name&gt;AXEDTTextAlign&lt;/Name&gt;
                              &lt;Value&gt;SalesOrderHeaderTmp.InvoiceAccount&lt;/Value&gt;
                            &lt;/CustomProperty&gt;
                            &lt;CustomProperty&gt;
                              &lt;Name&gt;AXEDTDirection&lt;/Name&gt;
                              &lt;Value&gt;SalesOrderHeaderTmp.InvoiceAccount&lt;/Value&gt;
                            &lt;/CustomProperty&gt;
                          &lt;/CustomProperties&gt;
                          &lt;Style&gt;
                            &lt;Border&gt;
                              &lt;Color&gt;LightGrey&lt;/Color&gt;
                              &lt;Style&gt;Solid&lt;/Style&gt;
                            &lt;/Border&gt;
                            &lt;PaddingLeft&gt;2pt&lt;/PaddingLeft&gt;
                            &lt;PaddingRight&gt;2pt&lt;/PaddingRight&gt;
                            &lt;PaddingTop&gt;2pt&lt;/PaddingTop&gt;
                            &lt;PaddingBottom&gt;2pt&lt;/PaddingBottom&gt;
                          &lt;/Style&gt;
                        &lt;/Textbox&gt;
                      &lt;/CellContents&gt;
                    &lt;/TablixCell&gt;
                    &lt;TablixCell&gt;
                      &lt;CellContents&gt;
                        &lt;Textbox Name="Textbox13"&gt;
                          &lt;CanGrow&gt;true&lt;/CanGrow&gt;
                          &lt;KeepTogether&gt;true&lt;/KeepTogether&gt;
                          &lt;Paragraphs&gt;
                            &lt;Paragraph&gt;
                              &lt;TextRuns&gt;
                                &lt;TextRun&gt;
                                  &lt;Value&gt;=Fields!SalesTypeName.Value&lt;/Value&gt;
                                  &lt;Style /&gt;
                                &lt;/TextRun&gt;
                              &lt;/TextRuns&gt;
                              &lt;Style /&gt;
                            &lt;/Paragraph&gt;
                          &lt;/Paragraphs&gt;
                          &lt;rd:DefaultName&gt;Textbox13&lt;/rd:DefaultName&gt;
                          &lt;CustomProperties&gt;
                            &lt;CustomProperty&gt;
                              &lt;Name&gt;AXDataType&lt;/Name&gt;
                              &lt;Value&gt;String&lt;/Value&gt;
                            &lt;/CustomProperty&gt;
                            &lt;CustomProperty&gt;
                              &lt;Name&gt;AXEDTFormat&lt;/Name&gt;
                              &lt;Value&gt;SalesOrderHeaderTmp.SalesType&lt;/Value&gt;
                            &lt;/CustomProperty&gt;
                            &lt;CustomProperty&gt;
                              &lt;Name&gt;AXEDTTextAlign&lt;/Name&gt;
                              &lt;Value&gt;SalesOrderHeaderTmp.SalesType&lt;/Value&gt;
                            &lt;/CustomProperty&gt;
                            &lt;CustomProperty&gt;
                              &lt;Name&gt;AXEDTDirection&lt;/Name&gt;
                              &lt;Value&gt;SalesOrderHeaderTmp.SalesType&lt;/Value&gt;
                            &lt;/CustomProperty&gt;
                          &lt;/CustomProperties&gt;
                          &lt;Style&gt;
                            &lt;Border&gt;
                              &lt;Color&gt;LightGrey&lt;/Color&gt;
                              &lt;Style&gt;Solid&lt;/Style&gt;
                            &lt;/Border&gt;
                            &lt;PaddingLeft&gt;2pt&lt;/PaddingLeft&gt;
                            &lt;PaddingRight&gt;2pt&lt;/PaddingRight&gt;
                            &lt;PaddingTop&gt;2pt&lt;/PaddingTop&gt;
                            &lt;PaddingBottom&gt;2pt&lt;/PaddingBottom&gt;
                          &lt;/Style&gt;
                        &lt;/Textbox&gt;
                      &lt;/CellContents&gt;
                    &lt;/TablixCell&gt;
                    &lt;TablixCell&gt;
                      &lt;CellContents&gt;
                        &lt;Textbox Name="Textbox11"&gt;
                          &lt;CanGrow&gt;true&lt;/CanGrow&gt;
                          &lt;KeepTogether&gt;true&lt;/KeepTogether&gt;
                          &lt;Paragraphs&gt;
                            &lt;Paragraph&gt;
                              &lt;TextRuns&gt;
                                &lt;TextRun&gt;
                                  &lt;Value&gt;=Fields!SalesStatusName.Value&lt;/Value&gt;
                                  &lt;Style /&gt;
                                &lt;/TextRun&gt;
                              &lt;/TextRuns&gt;
                              &lt;Style /&gt;
                            &lt;/Paragraph&gt;
                          &lt;/Paragraphs&gt;
                          &lt;rd:DefaultName&gt;Textbox11&lt;/rd:DefaultName&gt;
                          &lt;CustomProperties&gt;
                            &lt;CustomProperty&gt;
                              &lt;Name&gt;AXDataType&lt;/Name&gt;
                              &lt;Value&gt;String&lt;/Value&gt;
                            &lt;/CustomProperty&gt;
                            &lt;CustomProperty&gt;
                              &lt;Name&gt;AXEDTFormat&lt;/Name&gt;
                              &lt;Value&gt;SalesOrderHeaderTmp.SalesStatus&lt;/Value&gt;
                            &lt;/CustomProperty&gt;
                            &lt;CustomProperty&gt;
                              &lt;Name&gt;AXEDTTextAlign&lt;/Name&gt;
                              &lt;Value&gt;SalesOrderHeaderTmp.SalesStatus&lt;/Value&gt;
                            &lt;/CustomProperty&gt;
                            &lt;CustomProperty&gt;
                              &lt;Name&gt;AXEDTDirection&lt;/Name&gt;
                              &lt;Value&gt;SalesOrderHeaderTmp.SalesStatus&lt;/Value&gt;
                            &lt;/CustomProperty&gt;
                          &lt;/CustomProperties&gt;
                          &lt;Style&gt;
                            &lt;Border&gt;
                              &lt;Color&gt;LightGrey&lt;/Color&gt;
                              &lt;Style&gt;Solid&lt;/Style&gt;
                            &lt;/Border&gt;
                            &lt;PaddingLeft&gt;2pt&lt;/PaddingLeft&gt;
                            &lt;PaddingRight&gt;2pt&lt;/PaddingRight&gt;
                            &lt;PaddingTop&gt;2pt&lt;/PaddingTop&gt;
                            &lt;PaddingBottom&gt;2pt&lt;/PaddingBottom&gt;
                          &lt;/Style&gt;
                        &lt;/Textbox&gt;
                      &lt;/CellContents&gt;
                    &lt;/TablixCell&gt;
                    &lt;TablixCell&gt;
                      &lt;CellContents&gt;
                        &lt;Textbox Name="Textbox17"&gt;
                          &lt;CanGrow&gt;true&lt;/CanGrow&gt;
                          &lt;KeepTogether&gt;true&lt;/KeepTogether&gt;
                          &lt;Paragraphs&gt;
                            &lt;Paragraph&gt;
                              &lt;TextRuns&gt;
                                &lt;TextRun&gt;
                                  &lt;Value EvaluationMode="Constant" /&gt;
                                  &lt;Style /&gt;
                                &lt;/TextRun&gt;
                              &lt;/TextRuns&gt;
                              &lt;Style /&gt;
                            &lt;/Paragraph&gt;
                          &lt;/Paragraphs&gt;
                          &lt;rd:DefaultName&gt;Textbox17&lt;/rd:DefaultName&gt;
                          &lt;Style&gt;
                            &lt;Border&gt;
                              &lt;Color&gt;LightGrey&lt;/Color&gt;
                              &lt;Style&gt;Solid&lt;/Style&gt;
                            &lt;/Border&gt;
                            &lt;PaddingLeft&gt;2pt&lt;/PaddingLeft&gt;
                            &lt;PaddingRight&gt;2pt&lt;/PaddingRight&gt;
                            &lt;PaddingTop&gt;2pt&lt;/PaddingTop&gt;
                            &lt;PaddingBottom&gt;2pt&lt;/PaddingBottom&gt;
                          &lt;/Style&gt;
                        &lt;/Textbox&gt;
                        &lt;rd:Selected&gt;true&lt;/rd:Selected&gt;
                      &lt;/CellContents&gt;
                    &lt;/TablixCell&gt;
                  &lt;/TablixCells&gt;
                &lt;/TablixRow&gt;
              &lt;/TablixRows&gt;
            &lt;/TablixBody&gt;
            &lt;TablixColumnHierarchy&gt;
              &lt;TablixMembers&gt;
                &lt;TablixMember /&gt;
                &lt;TablixMember /&gt;
                &lt;TablixMember /&gt;
                &lt;TablixMember /&gt;
                &lt;TablixMember /&gt;
                &lt;TablixMember /&gt;
              &lt;/TablixMembers&gt;
            &lt;/TablixColumnHierarchy&gt;
            &lt;TablixRowHierarchy&gt;
              &lt;TablixMembers&gt;
                &lt;TablixMember&gt;
                  &lt;KeepWithGroup&gt;After&lt;/KeepWithGroup&gt;
                &lt;/TablixMember&gt;
                &lt;TablixMember&gt;
                  &lt;Group Name="Details" /&gt;
                &lt;/TablixMember&gt;
              &lt;/TablixMembers&gt;
            &lt;/TablixRowHierarchy&gt;
            &lt;DataSetName&gt;Header&lt;/DataSetName&gt;
            &lt;Top&gt;0.57167in&lt;/Top&gt;
            &lt;Left&gt;0.28in&lt;/Left&gt;
            &lt;Height&gt;0.5in&lt;/Height&gt;
            &lt;Width&gt;6in&lt;/Width&gt;
            &lt;Style&gt;
              &lt;Border&gt;
                &lt;Style&gt;None&lt;/Style&gt;
              &lt;/Border&gt;
            &lt;/Style&gt;
          &lt;/Tablix&gt;
        &lt;/ReportItems&gt;
        &lt;Height&gt;3in&lt;/Height&gt;
        &lt;Style /&gt;
      &lt;/Body&gt;
      &lt;Width&gt;8.5in&lt;/Width&gt;
      &lt;Page&gt;
        &lt;InteractiveHeight&gt;11in&lt;/InteractiveHeight&gt;
        &lt;InteractiveWidth&gt;8.5in&lt;/InteractiveWidth&gt;
        &lt;LeftMargin&gt;1in&lt;/LeftMargin&gt;
        &lt;RightMargin&gt;1in&lt;/RightMargin&gt;
        &lt;TopMargin&gt;1in&lt;/TopMargin&gt;
        &lt;BottomMargin&gt;1in&lt;/BottomMargin&gt;
        &lt;Style /&gt;
      &lt;/Page&gt;
    &lt;/ReportSection&gt;
  &lt;/ReportSections&gt;
  &lt;ReportParameters&gt;
    &lt;ReportParameter Name="Header_DynamicParameter"&gt;
      &lt;DataType&gt;String&lt;/DataType&gt;
      &lt;Nullable&gt;true&lt;/Nullable&gt;
      &lt;AllowBlank&gt;true&lt;/AllowBlank&gt;
      &lt;Prompt&gt;Header_DynamicParameter&lt;/Prompt&gt;
      &lt;Hidden&gt;true&lt;/Hidden&gt;
    &lt;/ReportParameter&gt;
    &lt;ReportParameter Name="AX_PartitionKey"&gt;
      &lt;DataType&gt;String&lt;/DataType&gt;
      &lt;Nullable&gt;true&lt;/Nullable&gt;
      &lt;AllowBlank&gt;true&lt;/AllowBlank&gt;
      &lt;Prompt&gt;AX_PartitionKey&lt;/Prompt&gt;
      &lt;Hidden&gt;true&lt;/Hidden&gt;
    &lt;/ReportParameter&gt;
    &lt;ReportParameter Name="AX_CompanyName"&gt;
      &lt;DataType&gt;String&lt;/DataType&gt;
      &lt;Prompt&gt;AX_CompanyName&lt;/Prompt&gt;
      &lt;Hidden&gt;true&lt;/Hidden&gt;
    &lt;/ReportParameter&gt;
    &lt;ReportParameter Name="AX_UserContext"&gt;
      &lt;DataType&gt;String&lt;/DataType&gt;
      &lt;Nullable&gt;true&lt;/Nullable&gt;
      &lt;AllowBlank&gt;true&lt;/AllowBlank&gt;
      &lt;Prompt&gt;AX_UserContext&lt;/Prompt&gt;
      &lt;Hidden&gt;true&lt;/Hidden&gt;
    &lt;/ReportParameter&gt;
    &lt;ReportParameter Name="AX_RenderingCulture"&gt;
      &lt;DataType&gt;String&lt;/DataType&gt;
      &lt;Nullable&gt;true&lt;/Nullable&gt;
      &lt;AllowBlank&gt;true&lt;/AllowBlank&gt;
      &lt;Prompt&gt;AX_RenderingCulture&lt;/Prompt&gt;
      &lt;Hidden&gt;true&lt;/Hidden&gt;
    &lt;/ReportParameter&gt;
    &lt;ReportParameter Name="AX_ReportContext"&gt;
      &lt;DataType&gt;String&lt;/DataType&gt;
      &lt;Nullable&gt;true&lt;/Nullable&gt;
      &lt;AllowBlank&gt;true&lt;/AllowBlank&gt;
      &lt;Prompt&gt;AX_ReportContext&lt;/Prompt&gt;
      &lt;Hidden&gt;true&lt;/Hidden&gt;
      &lt;UsedInQuery&gt;True&lt;/UsedInQuery&gt;
    &lt;/ReportParameter&gt;
    &lt;ReportParameter Name="AX_RdpPreProcessedId"&gt;
      &lt;DataType&gt;String&lt;/DataType&gt;
      &lt;Nullable&gt;true&lt;/Nullable&gt;
      &lt;AllowBlank&gt;true&lt;/AllowBlank&gt;
      &lt;Prompt&gt;AX_RdpPreProcessedId&lt;/Prompt&gt;
      &lt;Hidden&gt;true&lt;/Hidden&gt;
    &lt;/ReportParameter&gt;
    &lt;ReportParameter Name="Header_fromDate"&gt;
      &lt;DataType&gt;DateTime&lt;/DataType&gt;
      &lt;Prompt&gt;Header_fromDate&lt;/Prompt&gt;
    &lt;/ReportParameter&gt;
    &lt;ReportParameter Name="Header_toDate"&gt;
      &lt;DataType&gt;DateTime&lt;/DataType&gt;
      &lt;Prompt&gt;Header_toDate&lt;/Prompt&gt;
    &lt;/ReportParameter&gt;
  &lt;/ReportParameters&gt;
  &lt;ReportParametersLayout&gt;
    &lt;GridLayoutDefinition&gt;
      &lt;NumberOfColumns&gt;7&lt;/NumberOfColumns&gt;
      &lt;NumberOfRows&gt;2&lt;/NumberOfRows&gt;
      &lt;CellDefinitions&gt;
        &lt;CellDefinition&gt;
          &lt;ColumnIndex&gt;0&lt;/ColumnIndex&gt;
          &lt;RowIndex&gt;0&lt;/RowIndex&gt;
          &lt;ParameterName&gt;Header_DynamicParameter&lt;/ParameterName&gt;
        &lt;/CellDefinition&gt;
        &lt;CellDefinition&gt;
          &lt;ColumnIndex&gt;1&lt;/ColumnIndex&gt;
          &lt;RowIndex&gt;0&lt;/RowIndex&gt;
          &lt;ParameterName&gt;AX_PartitionKey&lt;/ParameterName&gt;
        &lt;/CellDefinition&gt;
        &lt;CellDefinition&gt;
          &lt;ColumnIndex&gt;2&lt;/ColumnIndex&gt;
          &lt;RowIndex&gt;0&lt;/RowIndex&gt;
          &lt;ParameterName&gt;AX_CompanyName&lt;/ParameterName&gt;
        &lt;/CellDefinition&gt;
        &lt;CellDefinition&gt;
          &lt;ColumnIndex&gt;3&lt;/ColumnIndex&gt;
          &lt;RowIndex&gt;0&lt;/RowIndex&gt;
          &lt;ParameterName&gt;AX_UserContext&lt;/ParameterName&gt;
        &lt;/CellDefinition&gt;
        &lt;CellDefinition&gt;
          &lt;ColumnIndex&gt;4&lt;/ColumnIndex&gt;
          &lt;RowIndex&gt;0&lt;/RowIndex&gt;
          &lt;ParameterName&gt;AX_RenderingCulture&lt;/ParameterName&gt;
        &lt;/CellDefinition&gt;
        &lt;CellDefinition&gt;
          &lt;ColumnIndex&gt;5&lt;/ColumnIndex&gt;
          &lt;RowIndex&gt;0&lt;/RowIndex&gt;
          &lt;ParameterName&gt;AX_ReportContext&lt;/ParameterName&gt;
        &lt;/CellDefinition&gt;
        &lt;CellDefinition&gt;
          &lt;ColumnIndex&gt;6&lt;/ColumnIndex&gt;
          &lt;RowIndex&gt;0&lt;/RowIndex&gt;
          &lt;ParameterName&gt;AX_RdpPreProcessedId&lt;/ParameterName&gt;
        &lt;/CellDefinition&gt;
        &lt;CellDefinition&gt;
          &lt;ColumnIndex&gt;0&lt;/ColumnIndex&gt;
          &lt;RowIndex&gt;1&lt;/RowIndex&gt;
          &lt;ParameterName&gt;Header_fromDate&lt;/ParameterName&gt;
        &lt;/CellDefinition&gt;
        &lt;CellDefinition&gt;
          &lt;ColumnIndex&gt;1&lt;/ColumnIndex&gt;
          &lt;RowIndex&gt;1&lt;/RowIndex&gt;
          &lt;ParameterName&gt;Header_toDate&lt;/ParameterName&gt;
        &lt;/CellDefinition&gt;
      &lt;/CellDefinitions&gt;
    &lt;/GridLayoutDefinition&gt;
  &lt;/ReportParametersLayout&gt;
  &lt;Language&gt;en-US&lt;/Language&gt;
  &lt;rd:ReportUnitType&gt;Inch&lt;/rd:ReportUnitType&gt;
  &lt;rd:ExpressionDialog&gt;Microsoft.Dynamics.Framework.Design.Reports.ExpressionEditor.ExpressionEditorDialog, Microsoft.Dynamics.Framework.Design.Reports&lt;/rd:ExpressionDialog&gt;
  &lt;rd:ReportID&gt;7aff1b2e-f6c0-4f15-956b-47573bf65428&lt;/rd:ReportID&gt;
&lt;/Report&gt;</Text>
			<DisableIndividualTransformation />
		</AxReportDesign>
	</Designs>
	<EmbeddedImages />
</AxReport>