<?xml version="1.0" encoding="utf-8"?>
<AxForm xmlns:i="http://www.w3.org/2001/XMLSchema-instance" xmlns="Microsoft.Dynamics.AX.Metadata.V6">
	<Name>EmpDetailsform</Name>
	<SourceCode>
		<Methods xmlns="">
			<Method>
				<Name>classDeclaration</Name>
				<Source><![CDATA[
[Form]
public class EmpDetailsform extends FormRun
{
}
]]></Source>
			</Method>
		</Methods>
		<DataSources xmlns="">
			<DataSource>
				<Name>EmpDetails_Table</Name>
				<Methods>
					<Method>
						<Name>create</Name>
						<Source><![CDATA[
        /// <summary>
        ///
        /// </summary>
        /// <param name = "_append"></param>
        public void create(boolean _append = false)
        {
            Args args;
            FormRun formRun;
            FormDataSource empDetailsDataSource;
            //EmpDetails_Table empDetails;
 
            // Initialize the args object with the form name
            args = new Args(formStr(DialogueForm));
 
            // Create a new FormRun object
            formRun = classFactory.formRunClass(args);
            formRun.init();
            formRun.run();
 
            // Get the data source from the form
           empDetailsDataSource = formRun.dataSource(formDataSourceStr(EmpDetailsForm, EmpDetails_Table));
 
            // Ensure the form opens with a new record
          empDetailsDataSource.create(true);
 
            // Wait for the form to be closed before proceeding
            formRun.wait();

        }

]]></Source>
					</Method>
				</Methods>
				<Fields />
			</DataSource>
		</DataSources>
		<DataControls xmlns="" />
		<Members xmlns="" />
	</SourceCode>
	<DataSources>
		<AxFormDataSource xmlns="">
			<Name>EmpDetails_Table</Name>
			<Table>EmpDetails_Table</Table>
			<Fields>
				<AxFormDataSourceField>
					<DataField>DataAreaId</DataField>
				</AxFormDataSourceField>
				<AxFormDataSourceField>
					<DataField>Details</DataField>
				</AxFormDataSourceField>
				<AxFormDataSourceField>
					<DataField>EcoResProductServiceType</DataField>
				</AxFormDataSourceField>
				<AxFormDataSourceField>
					<DataField>EcoResProductType</DataField>
				</AxFormDataSourceField>
				<AxFormDataSourceField>
					<DataField>EmpId</DataField>
				</AxFormDataSourceField>
				<AxFormDataSourceField>
					<DataField>ItemId</DataField>
				</AxFormDataSourceField>
				<AxFormDataSourceField>
					<DataField>Name</DataField>
				</AxFormDataSourceField>
				<AxFormDataSourceField>
					<DataField>Partition</DataField>
				</AxFormDataSourceField>
				<AxFormDataSourceField>
					<DataField>ProductName</DataField>
				</AxFormDataSourceField>
				<AxFormDataSourceField>
					<DataField>RecId</DataField>
				</AxFormDataSourceField>
				<AxFormDataSourceField>
					<DataField>TableId</DataField>
				</AxFormDataSourceField>
			</Fields>
			<ReferencedDataSources />
			<DataSourceLinks />
			<DerivedDataSources />
		</AxFormDataSource>
	</DataSources>
	<Design>
		<Pattern xmlns="">SimpleList</Pattern>
		<PatternVersion xmlns="">1.1</PatternVersion>
		<Style xmlns="">SimpleList</Style>
		<Controls xmlns="">
			<AxFormControl xmlns=""
				i:type="AxFormActionPaneControl">
				<Name>EmpActionPane</Name>
				<Type>ActionPane</Type>
				<FormControlExtension
					i:nil="true" />
				<Controls />
			</AxFormControl>
			<AxFormControl xmlns=""
				i:type="AxFormGroupControl">
				<Name>EmpGroup</Name>
				<Pattern>CustomAndQuickFilters</Pattern>
				<PatternVersion>1.1</PatternVersion>
				<Type>Group</Type>
				<WidthMode>SizeToAvailable</WidthMode>
				<FormControlExtension
					i:nil="true" />
				<Controls>
					<AxFormControl>
						<Name>QuickFilterControl1</Name>
						<FormControlExtension>
							<Name>QuickFilterControl</Name>
							<ExtensionComponents />
							<ExtensionProperties>
								<AxFormControlExtensionProperty>
									<Name>targetControlName</Name>
									<Type>String</Type>
								</AxFormControlExtensionProperty>
								<AxFormControlExtensionProperty>
									<Name>placeholderText</Name>
									<Type>String</Type>
								</AxFormControlExtensionProperty>
								<AxFormControlExtensionProperty>
									<Name>defaultColumnName</Name>
									<Type>String</Type>
								</AxFormControlExtensionProperty>
							</ExtensionProperties>
						</FormControlExtension>
					</AxFormControl>
				</Controls>
				<ArrangeMethod>HorizontalLeft</ArrangeMethod>
				<FrameType>None</FrameType>
				<Style>CustomFilter</Style>
				<ViewEditMode>Edit</ViewEditMode>
			</AxFormControl>
			<AxFormControl xmlns=""
				i:type="AxFormGridControl">
				<Name>EmpGrid</Name>
				<Type>Grid</Type>
				<FormControlExtension
					i:nil="true" />
				<Controls>
					<AxFormControl xmlns=""
						i:type="AxFormStringControl">
						<Name>EmpDetails_Table_EmpId</Name>
						<Type>String</Type>
						<FormControlExtension
							i:nil="true" />
						<DataField>EmpId</DataField>
						<DataSource>EmpDetails_Table</DataSource>
						<Label>Employee Id</Label>
						<ViewEditMode>View</ViewEditMode>
					</AxFormControl>
					<AxFormControl xmlns=""
						i:type="AxFormStringControl">
						<Name>EmpDetails_Table_Name</Name>
						<Type>String</Type>
						<FormControlExtension
							i:nil="true" />
						<DataField>Name</DataField>
						<DataSource>EmpDetails_Table</DataSource>
						<Label>Name</Label>
					</AxFormControl>
					<AxFormControl xmlns=""
						i:type="AxFormStringControl">
						<Name>EmpDetails_Table_Details</Name>
						<Type>String</Type>
						<FormControlExtension
							i:nil="true" />
						<DataField>Details</DataField>
						<DataSource>EmpDetails_Table</DataSource>
						<Label>Details</Label>
					</AxFormControl>
					<AxFormControl xmlns=""
						i:type="AxFormStringControl">
						<Name>EmpDetails_Table_ProductName</Name>
						<Type>String</Type>
						<FormControlExtension
							i:nil="true" />
						<DataField>ProductName</DataField>
						<DataSource>EmpDetails_Table</DataSource>
					</AxFormControl>
					<AxFormControl xmlns=""
						i:type="AxFormStringControl">
						<Name>EmpDetails_Table_ItemId</Name>
						<Type>String</Type>
						<FormControlExtension
							i:nil="true" />
						<DataField>ItemId</DataField>
						<DataSource>EmpDetails_Table</DataSource>
					</AxFormControl>
					<AxFormControl xmlns=""
						i:type="AxFormComboBoxControl">
						<Name>EmpDetails_Table_EcoResProductServiceType</Name>
						<Type>ComboBox</Type>
						<FormControlExtension
							i:nil="true" />
						<DataField>EcoResProductServiceType</DataField>
						<DataSource>EmpDetails_Table</DataSource>
						<Items />
					</AxFormControl>
					<AxFormControl xmlns=""
						i:type="AxFormComboBoxControl">
						<Name>EmpDetails_Table_EcoResProductType</Name>
						<Type>ComboBox</Type>
						<FormControlExtension
							i:nil="true" />
						<DataField>EcoResProductType</DataField>
						<DataSource>EmpDetails_Table</DataSource>
						<Items />
					</AxFormControl>
				</Controls>
				<Style>Tabular</Style>
			</AxFormControl>
		</Controls>
	</Design>
	<Parts />
</AxForm>