<?xml version="1.0" encoding="utf-8"?>
<AxTable xmlns:i="http://www.w3.org/2001/XMLSchema-instance">
	<Name>PrintMgmtDataStaging</Name>
	<SourceCode>
		<Methods />
	</SourceCode>
	<DeveloperDocumentation>@DMF:StagingDeveloperDocumentation</DeveloperDocumentation>
	<Label>@ApplicationFoundation:PrintManagementDestinationEmailEntity</Label>
	<TableGroup>Staging</TableGroup>
	<TitleField1>Description</TitleField1>
	<TitleField2>PriorityId</TitleField2>
	<PrimaryIndex>StagingIdx</PrimaryIndex>
	<ReplacementKey>StagingIdx</ReplacementKey>
	<SaveDataPerCompany>No</SaveDataPerCompany>
	<DeleteActions />
	<FieldGroups>
		<AxTableFieldGroup>
			<Name>AutoReport</Name>
			<IsSystemGenerated>Yes</IsSystemGenerated>
			<Fields />
		</AxTableFieldGroup>
		<AxTableFieldGroup>
			<Name>AutoLookup</Name>
			<IsSystemGenerated>Yes</IsSystemGenerated>
			<Fields />
		</AxTableFieldGroup>
		<AxTableFieldGroup>
			<Name>AutoIdentification</Name>
			<AutoPopulate>Yes</AutoPopulate>
			<IsSystemGenerated>Yes</IsSystemGenerated>
			<Fields />
		</AxTableFieldGroup>
		<AxTableFieldGroup>
			<Name>AutoSummary</Name>
			<IsSystemGenerated>Yes</IsSystemGenerated>
			<Fields />
		</AxTableFieldGroup>
		<AxTableFieldGroup>
			<Name>AutoBrowse</Name>
			<IsSystemGenerated>Yes</IsSystemGenerated>
			<Fields />
		</AxTableFieldGroup>
		<AxTableFieldGroup>
			<Name>ExtensionList</Name>
			<IsSystemGenerated>Yes</IsSystemGenerated>
			<Label>@DMF:StagingExtensionGroup</Label>
			<Fields>
				<AxTableFieldGroupField>
					<DataField>DefinitionGroup</DataField>
				</AxTableFieldGroupField>
				<AxTableFieldGroupField>
					<DataField>IsSelected</DataField>
				</AxTableFieldGroupField>
				<AxTableFieldGroupField>
					<DataField>TransferStatus</DataField>
				</AxTableFieldGroupField>
				<AxTableFieldGroupField>
					<DataField>ExecutionId</DataField>
				</AxTableFieldGroupField>
			</Fields>
		</AxTableFieldGroup>
	</FieldGroups>
	<Fields>
		<AxTableField xmlns=""
			i:type="AxTableFieldString">
			<Name>DefinitionGroup</Name>
			<AllowEdit>No</AllowEdit>
			<ExtendedDataType>DMFDefinitionGroupName</ExtendedDataType>
			<IsSystemGenerated>Yes</IsSystemGenerated>
			<Mandatory>Yes</Mandatory>
			<StringSize>60</StringSize>
		</AxTableField>
		<AxTableField xmlns=""
			i:type="AxTableFieldString">
			<Name>ExecutionId</Name>
			<AllowEdit>No</AllowEdit>
			<ExtendedDataType>DMFExecutionId</ExtendedDataType>
			<IsSystemGenerated>Yes</IsSystemGenerated>
			<Mandatory>Yes</Mandatory>
			<StringSize>90</StringSize>
		</AxTableField>
		<AxTableField xmlns=""
			i:type="AxTableFieldEnum">
			<Name>IsSelected</Name>
			<ExtendedDataType>DMFIsSelected</ExtendedDataType>
			<IsSystemGenerated>Yes</IsSystemGenerated>
			<EnumType>NoYes</EnumType>
		</AxTableField>
		<AxTableField xmlns=""
			i:type="AxTableFieldEnum">
			<Name>TransferStatus</Name>
			<IsSystemGenerated>Yes</IsSystemGenerated>
			<EnumType>DMFTransferStatus</EnumType>
		</AxTableField>
		<AxTableField xmlns=""
			i:type="AxTableFieldString">
			<Name>DataAreaId1</Name>
			<AllowEdit>No</AllowEdit>
			<AllowEditOnCreate>No</AllowEditOnCreate>
			<ExtendedDataType>DataAreaId</ExtendedDataType>
			<IsSystemGenerated>Yes</IsSystemGenerated>
			<StringSize>4</StringSize>
		</AxTableField>
		<AxTableField xmlns=""
			i:type="AxTableFieldString">
			<Name>Description</Name>
			<ExtendedDataType>Description</ExtendedDataType>
			<IsSystemGenerated>Yes</IsSystemGenerated>
			<Label>@SYS108934</Label>
			<Mandatory>Yes</Mandatory>
		</AxTableField>
		<AxTableField xmlns=""
			i:type="AxTableFieldInt">
			<Name>NumberOfCopies</Name>
			<ExtendedDataType>PrintMgmtSetupCopies</ExtendedDataType>
			<IsSystemGenerated>Yes</IsSystemGenerated>
		</AxTableField>
		<AxTableField xmlns=""
			i:type="AxTableFieldInt64">
			<Name>ParentId</Name>
			<AllowEdit>No</AllowEdit>
			<ExtendedDataType>RefRecId</ExtendedDataType>
			<IsSystemGenerated>Yes</IsSystemGenerated>
			<Mandatory>Yes</Mandatory>
		</AxTableField>
		<AxTableField xmlns=""
			i:type="AxTableFieldInt64">
			<Name>Partition1</Name>
			<AllowEdit>No</AllowEdit>
			<AllowEditOnCreate>No</AllowEditOnCreate>
			<ExtendedDataType>Partition</ExtendedDataType>
			<IsSystemGenerated>Yes</IsSystemGenerated>
		</AxTableField>
		<AxTableField xmlns=""
			i:type="AxTableFieldContainer">
			<Name>PrintJobSettings</Name>
			<ExtendedDataType>PrintJobSettingsPacked</ExtendedDataType>
			<IsSystemGenerated>Yes</IsSystemGenerated>
			<Label>@SYS108935</Label>
		</AxTableField>
		<AxTableField xmlns=""
			i:type="AxTableFieldReal">
			<Name>PriorityId</Name>
			<ExtendedDataType>PrintMgmtPriorityId</ExtendedDataType>
			<IsSystemGenerated>Yes</IsSystemGenerated>
			<Mandatory>Yes</Mandatory>
		</AxTableField>
		<AxTableField xmlns=""
			i:type="AxTableFieldContainer">
			<Name>QueryPacked</Name>
			<ExtendedDataType>PackedQueryRun</ExtendedDataType>
			<IsSystemGenerated>Yes</IsSystemGenerated>
			<Label>@SYS108937</Label>
		</AxTableField>
		<AxTableField xmlns=""
			i:type="AxTableFieldInt64">
			<Name>RecId1</Name>
			<AllowEdit>No</AllowEdit>
			<AllowEditOnCreate>No</AllowEditOnCreate>
			<ExtendedDataType>RecId</ExtendedDataType>
			<IsSystemGenerated>Yes</IsSystemGenerated>
		</AxTableField>
		<AxTableField xmlns=""
			i:type="AxTableFieldInt">
			<Name>RecVersion1</Name>
			<AllowEdit>No</AllowEdit>
			<AllowEditOnCreate>No</AllowEditOnCreate>
			<ExtendedDataType>RecVersion</ExtendedDataType>
			<IsSystemGenerated>Yes</IsSystemGenerated>
		</AxTableField>
		<AxTableField xmlns=""
			i:type="AxTableFieldInt64">
			<Name>ReportFormat</Name>
			<ExtendedDataType>PrintMgmtReportFormatId</ExtendedDataType>
			<IsSystemGenerated>Yes</IsSystemGenerated>
		</AxTableField>
		<AxTableField xmlns=""
			i:type="AxTableFieldEnum">
			<Name>Suppress</Name>
			<ExtendedDataType>PrintMgmtSuppress</ExtendedDataType>
			<IsSystemGenerated>Yes</IsSystemGenerated>
			<EnumType>NoYes</EnumType>
		</AxTableField>
	</Fields>
	<FullTextIndexes />
	<Indexes>
		<AxTableIndex>
			<Name>StagingIdx</Name>
			<AlternateKey>Yes</AlternateKey>
			<IsSystemGenerated>Yes</IsSystemGenerated>
			<Fields>
				<AxTableIndexField>
					<DataField>DefinitionGroup</DataField>
				</AxTableIndexField>
				<AxTableIndexField>
					<DataField>ExecutionId</DataField>
				</AxTableIndexField>
				<AxTableIndexField>
					<DataField>ParentId</DataField>
				</AxTableIndexField>
			</Fields>
		</AxTableIndex>
	</Indexes>
	<Mappings />
	<Relations>
		<AxTableRelation xmlns=""
			i:type="AxTableRelationForeignKey">
			<Name>DataEntity</Name>
			<Cardinality>ExactlyOne</Cardinality>
			<EntityRelationshipRole>@DMF:StagingToDataEntityRelationshipRole</EntityRelationshipRole>
			<IsSystemGenerated>Yes</IsSystemGenerated>
			<RelatedTable>PrintMgmtDataEntity</RelatedTable>
			<RelatedTableCardinality>ZeroOne</RelatedTableCardinality>
			<RelationshipType>Link</RelationshipType>
			<Validate>No</Validate>
			<Constraints>
				<AxTableRelationConstraint xmlns=""
					i:type="AxTableRelationConstraintField">
					<Name>ParentId</Name>
					<Field>ParentId</Field>
					<RelatedField>ParentId</RelatedField>
				</AxTableRelationConstraint>
			</Constraints>
		</AxTableRelation>
	</Relations>
	<StateMachines />
</AxTable>