<?xml version="1.0" encoding="utf-8"?>
<AxClass xmlns:i="http://www.w3.org/2001/XMLSchema-instance">
	<Name>ChangeStatusClass</Name>
	<SourceCode>
		<Declaration><![CDATA[
class ChangeStatusClass
{
}
]]></Declaration>
		<Methods>
			<Method>
				<Name>main</Name>
				<Source><![CDATA[
    /// <summary>
    /// Class entry point. The system will call this method when a designated menu 
    /// is selected or when execution starts and this class is set as the startup class.
    /// </summary>
    /// <param name = "_args">The specified arguments.</param>
    public static void main(Args _args)
    {
        ChangeStatusClass changeStatus = new ChangeStatusClass();
        //changeStatus.createOrUpdate();
        changeStatus.getItemDetailsFromMultipleSources();
    }

]]></Source>
			</Method>
			<Method>
				<Name>getItemDetailsFromMultipleSources</Name>
				<Source><![CDATA[
    public void getItemDetailsFromMultipleSources()
    {
        WMSLocation             wmsLocation;
        WHSLocationProfile      whsLocationProfile;
        InventSum               inventSum;
        InventDim               inventDim;
        InventTable             inventTable; // To get ProductName
 
        // Define the criteria values (replace with actual values)
        InventSiteId siteValue = '2';
        InventLocationId warehouseValue = '25';
        WMSLocationId locationValue = 'FL-001';
 
        WHSUserId userId = WHSParameters::find().GenericWorkUserId;
        // Select records from the tables and join them based on the appropriate keys
        while select inventSum
        where inventSum.InventSiteId == "2"
        join inventDim
        where inventDim.InventDimId == inventSum.InventDimId
             && inventDim.InventLocationId == "25"
        && inventDim.wMSLocationId == "FL-001"
        {
            // Output or process the results
            //info(strFmt("ItemId: %1, InventLocation: %2, Plate %3", inventSum.ItemId,inventDim.InventLocationId,inventDim.LicensePlateId)); // Assuming LicensePlate is in InventDim
            boolean isCWItem = PdsGlobal::pdsIsCWItem(inventSum.ItemId);
            WhsInventStatusId status = "Blocking";

            
            ChangeStatusClass changeStatus = new ChangeStatusClass();
    
            changeStatus.createOrUpdateQuarantineWork(inventSum,inventDim,status,userId,isCWItem);

        }
    }

]]></Source>
			</Method>
			<Method>
				<Name>createOrUpdateQuarantineWork</Name>
				<Source><![CDATA[
    public void createOrUpdateQuarantineWork(InventSum         _inventSumBottom,
                                              InventDim         _inventDimBottom,
                                              WhsInventStatusId _toStatus,
                                              WHSUserId         _userId,
                                              boolean           _isCWItem)
    {
        InventDim inventDimNew;

        //create a copy of the inventDim that was passed in but with the new status set
        inventDimNew.initFromInventDim(_inventDimBottom);
        inventDimNew.InventStatusId = _toStatus;
        inventDimNew.LicensePlateId="";
        inventDimNew = InventDim::findOrCreate(inventDimNew);
        info("Record created..");
    }

]]></Source>
			</Method>
			<Method>
				<Name>createOrUpdate</Name>
				<Source><![CDATA[
    /// <summary>
    /// Method to update inventory status based on location.
    /// </summary>
    /// <param name="_locationId">The location ID where the inventory status needs to be changed.</param>
    /// <param name="_newInventStatusId">The new inventory status ID to be applied.</param>
    public void createOrUpdate()
    {
        //InventSum inventSum;
        //ttsBegin;

        ////Validate the new inventory status ID
        //select firstonly inventSum
        //   where whsInventStatus.InventStatusId == _newInventStatusId;

        //ttsCommit;
        ////InventDim inventDim;
        //WHSInventStatus whsInventStatus;

        //WHSUserId userId = WHSParameters::find().GenericWorkUserId;

        //WhsWorkExecute workExecute = WhsWorkExecuteQuarantineByInventDim::construct();

        //InventSum inventSumBottom = _inventSumBottomHelper.getFirst();

        //while (inventSumBottom)
        //{
        //    InventDim  inventDimBottom = inventSumBottom.joinChild();

        //    inventDimBottom = this.initInventDimSiteWarehouse(inventDimBottom);

        //    boolean isCWItem = PdsGlobal::pdsIsCWItem(inventSumBottom.ItemId);

        //    this.validateInventoryStatusChangedAllowed(inventSumBottom, inventDimBottom, isCWItem);

        //    this.createOrUpdateQuarantineWork(inventSumBottom,
        //                                         inventDimBottom,
        //                                         dfStatus.value(),
        //                                         workExecute,
        //                                         userId,
        //                                         isCWItem);

        //    inventSumBottom = _inventSumBottomHelper.getNext();
        //}
        
        
    }

]]></Source>
			</Method>
		</Methods>
	</SourceCode>
</AxClass>