<?xml version="1.0" encoding="utf-8"?>
<AxClass xmlns:i="http://www.w3.org/2001/XMLSchema-instance">
	<Name>SalesOrderHeaderContract</Name>
	<SourceCode>
		<Declaration><![CDATA[
[DataContractAttribute]
class SalesOrderHeaderContract
{  
    utcdatetime fromDate;
    utcdatetime toDate;
 
    
}
]]></Declaration>
		<Methods>
			<Method>
				<Name>parmFromDate</Name>
				<Source><![CDATA[
    [DataMember('fromDate')]
    public utcdatetime parmFromDate(utcdatetime _fromDate = fromDate)
    {
        fromDate = _fromDate;
        return fromDate;
    }

]]></Source>
			</Method>
			<Method>
				<Name>parmToDate</Name>
				<Source><![CDATA[
    [DataMember('toDate')]
    public utcdatetime parmToDate(utcdatetime _toDate = toDate)
    {
        toDate = _toDate;
        return toDate;
    }

]]></Source>
			</Method>
		</Methods>
	</SourceCode>
</AxClass>