<?xml version="1.0" encoding="utf-8"?>
<AxClass xmlns:i="http://www.w3.org/2001/XMLSchema-instance">
	<Name>SalesOrderController</Name>
	<SourceCode>
		<Declaration><![CDATA[
class SalesOrderController extends SrsReportRunController
{
}
]]></Declaration>
		<Methods>
			<Method>
				<Name>main</Name>
				<Source><![CDATA[
    public static void main(Args _args)
    {
        SalesOrderController controller = new SalesOrderController();
        controller.parmReportName(ssrsReportStr(SalesOrderReport,USTSalesOrderreport));
        controller.parmArgs(_args);
        controller.startOperation();
    }

]]></Source>
			</Method>
		</Methods>
	</SourceCode>
</AxClass>