<?xml version="1.0" encoding="utf-8"?>
<Diagnostics
  GenerationTime="2024-06-14T11:56:20.5640481+00:00">
  <Items>
    <Diagnostic>
      <DiagnosticType>Generation</DiagnosticType>
      <Severity>Informational</Severity>
      <Path>dynamics://View/PrintMgmtDataEntity</Path>
      <ElementType>View</ElementType>
      <Moniker>IsRuntimeServicesMode</Moniker>
      <Line>0</Line>
      <Column>0</Column>
      <Message>Is Runtime Services mode: False</Message>
    </Diagnostic>
    <Diagnostic>
      <DiagnosticType>ExternalReference</DiagnosticType>
      <Severity>Warning</Severity>
      <Path>dynamics://Reference/Azure.Core</Path>
      <Moniker>AssemblyFileNotFound</Moniker>
      <Message>Assembly 'System.Memory.Data, Version=1.0.2.0, Culture=neutral, PublicKeyToken=cc7b13ffcd2ddd51' failed to load because it was not found.</Message>
    </Diagnostic>
    <Diagnostic>
      <DiagnosticType>ExternalReference</DiagnosticType>
      <Severity>Warning</Severity>
      <Path>dynamics://Reference/Microsoft.Dynamics.Commerce.Runtime.Services.PricingEngine</Path>
      <Moniker>AssemblyFileNotFound</Moniker>
      <Message>Assembly 'Microsoft.Dynamics.Commerce.Runtime.Entities.AttributeBasedPricing, Version=7.0.0.0, Culture=neutral, PublicKeyToken=31bf3856ad364e35' failed to load because it was not found.</Message>
    </Diagnostic>
    <Diagnostic>
      <DiagnosticType>Compile</DiagnosticType>
      <Severity>Warning</Severity>
      <Path>dynamics://Class/SysBatchContract/Method/parmAccountNum</Path>
      <ElementType>Class Method</ElementType>
      <Moniker>AifCollectionTypeFirstParam</Moniker>
      <Line>8</Line>
      <Column>32</Column>
      <EndLine>8</EndLine>
      <EndColumn>48</EndColumn>
      <Message>The first parameter of AifCollectionTypeAttribute must match either a parameter of the method it is defined on or "return".</Message>
    </Diagnostic>
    <Diagnostic>
      <DiagnosticType>Metadata</DiagnosticType>
      <Severity>Warning</Severity>
      <Path>AxDataEntityView/PrintMgmtDataEntity/Label</Path>
      <Moniker>DuplicateLabelDetected</Moniker>
      <Message>Conflicts were detected on the Label property '@ApplicationFoundation:PrintManagementDestinationEmailEntity' for the following entities 'PrintMgmtDataEntity(UST), PrintManagementDestinationEmailEntity(ApplicationFoundation)'</Message>
    </Diagnostic>
  </Items>
  <Aliases />
</Diagnostics>