<?xml version="1.0" encoding="utf-8"?>
<Diagnostics
  GenerationTime="2024-06-14T09:52:42.9656893+00:00">
  <Items>
    <Diagnostic>
      <DiagnosticType>Compile</DiagnosticType>
      <Severity>Error</Severity>
      <Path>dynamics://Class/SysOperationBatchService/Method/`Process</Path>
      <ElementType>Class Method</ElementType>
      <Moniker>AssemblyMustBeReferenced</Moniker>
      <Line>7</Line>
      <Column>5</Column>
      <EndLine>7</EndLine>
      <EndColumn>24</EndColumn>
      <Message>A reference to 'Dynamics.AX.PersonnelManagement, Version=0.0.0.0, Culture=neutral, PublicKeyToken=null' is required to compile this module.</Message>
    </Diagnostic>
  </Items>
  <Aliases />
</Diagnostics>