<?xml version="1.0" encoding="utf-8"?>
<z:anyType xmlns:i="http://www.w3.org/2001/XMLSchema-instance" xmlns=""
	i:type="AxFormPropertyCollection" xmlns:z="http://schemas.microsoft.com/2003/10/Serialization/">
	<Methods>
		<Method>
			<Name>classDeclaration</Name>
			<ReturnType />
		</Method>
		<Method>
			<Name>closeOk</Name>
			<Visibility>Public</Visibility>
			<ReturnType>
				<TypeName></TypeName>
			</ReturnType>
		</Method>
	</Methods>
	<DataSources>
		<DataSource>
			<Name>EmpDetails_Table</Name>
			<Methods>
				<Method>
					<Name>write</Name>
					<Visibility>Public</Visibility>
					<ReturnType>
						<TypeName></TypeName>
					</ReturnType>
				</Method>
			</Methods>
			<Fields />
		</DataSource>
	</DataSources>
	<DataControls>
		<Control>
			<Name>EmpDetails_Table_Name</Name>
			<Type>String</Type>
			<Methods>
				<Method>
					<Name>modified</Name>
					<Visibility>Public</Visibility>
					<ReturnType>
						<Type>Enum</Type>
						<TypeName>boolean</TypeName>
					</ReturnType>
				</Method>
			</Methods>
		</Control>
		<Control>
			<Name>EmpDetails_Table_Details</Name>
			<Type>String</Type>
			<Methods>
				<Method>
					<Name>modified</Name>
					<Visibility>Public</Visibility>
					<ReturnType>
						<Type>Enum</Type>
						<TypeName>boolean</TypeName>
					</ReturnType>
				</Method>
			</Methods>
		</Control>
		<Control>
			<Name>FormCommandButtonControl1</Name>
			<Type>CommandButton</Type>
			<Methods>
				<Method>
					<Name>clicked</Name>
					<Visibility>Public</Visibility>
					<ReturnType>
						<TypeName></TypeName>
					</ReturnType>
				</Method>
			</Methods>
		</Control>
	</DataControls>
	<Members />
</z:anyType>